Date Time,T (degC),rh (%),p (mbar),wv (m/s),wd (deg),prediction,anomaly_score,anomaly_type,severity
2017-01-01 01:00:00,-5.44,77.0,998.99,1.6,209.6,1,0.06788275173033931,Pattern-Based Anomaly,Low
2017-01-01 01:10:00,-5.32,76.4,998.86,0.97,203.6,1,0.09769889531645626,Pattern-Based Anomaly,Low
2017-01-01 01:20:00,-5.41,76.4,998.76,0.8,212.7,1,0.09550735205729327,Pattern-Based Anomaly,Low
2017-01-01 01:30:00,-5.54,76.8,998.72,0.58,175.2,1,0.09327514938384945,Pattern-Based Anomaly,Low
2017-01-01 01:40:00,-5.65,79.3,998.56,0.67,82.7,1,0.05366086644630075,Pattern-Based Anomaly,Low
2017-01-01 01:50:00,-5.77,80.5,998.42,0.73,180.6,1,0.08293118131652916,Pattern-Based Anomaly,Low
2017-01-01 02:00:00,-5.78,79.5,998.26,1.04,200.2,1,0.09112185152793345,Pattern-Based Anomaly,Low
2017-01-01 02:10:00,-5.72,78.0,998.09,0.88,179.7,1,0.08447933059488927,Pattern-Based Anomaly,Low
2017-01-01 02:20:00,-6.11,81.0,997.93,0.74,171.5,1,0.05194447032248817,Pattern-Based Anomaly,Low
2017-01-01 02:30:00,-6.18,82.6,997.83,0.35,337.0,1,0.07203212433034117,Pattern-Based Anomaly,Low
2017-01-01 02:40:00,-6.09,81.3,997.69,0.61,167.2,1,0.09001797712895643,Pattern-Based Anomaly,Low
2017-01-01 02:50:00,-6.39,82.2,997.57,0.8,214.2,1,0.10192638335047582,Pattern-Based Anomaly,Low
2017-01-01 03:00:00,-6.09,81.3,997.46,0.68,208.3,1,0.10248364590766013,Pattern-Based Anomaly,Low
2017-01-01 03:10:00,-5.73,80.2,997.31,0.72,226.7,1,0.08446536881694178,Pattern-Based Anomaly,Low
2017-01-01 03:20:00,-5.39,78.4,997.2,0.8,214.2,1,0.09836162609029947,Pattern-Based Anomaly,Low
2017-01-01 03:30:00,-5.35,78.3,997.02,0.85,203.3,1,0.08891521593504825,Pattern-Based Anomaly,Low
2017-01-01 03:40:00,-5.63,78.6,996.96,0.67,174.6,1,0.09770484748109504,Pattern-Based Anomaly,Low
2017-01-01 03:50:00,-5.96,79.7,996.82,0.32,221.5,1,0.08425928696947821,Pattern-Based Anomaly,Low
2017-01-01 04:00:00,-6.09,81.1,996.74,0.35,220.2,1,0.09712236749076186,Pattern-Based Anomaly,Low
2017-01-01 04:10:00,-6.05,80.8,996.63,0.38,188.7,1,0.11738539823666816,Pattern-Based Anomaly,Low
2017-01-01 04:20:00,-6.43,82.1,996.55,0.53,220.5,1,0.08473875938321046,Pattern-Based Anomaly,Low
2017-01-01 04:30:00,-6.91,82.0,996.48,0.65,146.2,1,0.08799380161571402,Pattern-Based Anomaly,Low
2017-01-01 04:40:00,-7.68,85.8,996.36,1.14,159.7,1,0.019921426459827196,Pattern-Based Anomaly,Low
2017-01-01 04:50:00,-7.9,88.7,996.2,0.84,150.7,1,0.012658226217594604,Pattern-Based Anomaly,Low
2017-01-01 05:00:00,-7.74,89.8,996.02,0.33,262.7,1,0.008211228839835716,Pattern-Based Anomaly,Low
2017-01-01 05:10:00,-7.44,89.0,995.84,1.3,212.4,1,0.04750188674568179,Pattern-Based Anomaly,Low
2017-01-01 05:20:00,-6.65,86.4,995.72,1.73,199.5,1,0.04227464418771221,Pattern-Based Anomaly,Low
2017-01-01 05:30:00,-6.54,85.1,995.67,1.6,198.6,1,0.09125016683615378,Pattern-Based Anomaly,Low
2017-01-01 05:40:00,-6.75,85.0,995.65,1.46,185.0,1,0.08921423770853143,Pattern-Based Anomaly,Low
2017-01-01 05:50:00,-7.1,86.4,995.64,1.56,173.9,1,0.09029042430967688,Pattern-Based Anomaly,Low
2017-01-01 06:00:00,-7.44,87.3,995.54,1.18,191.4,1,0.11269233853638294,Pattern-Based Anomaly,Low
2017-01-01 06:10:00,-7.73,88.4,995.38,0.46,236.6,1,0.08630896565546708,Pattern-Based Anomaly,Low
2017-01-01 06:20:00,-7.25,89.0,995.27,1.12,183.4,1,0.09387954390554104,Pattern-Based Anomaly,Low
2017-01-01 06:30:00,-7.21,86.7,995.21,1.09,194.3,1,0.10462798000528872,Pattern-Based Anomaly,Low
2017-01-01 06:40:00,-7.28,87.3,995.14,1.6,203.8,1,0.1208390826607415,Pattern-Based Anomaly,Low
2017-01-01 06:50:00,-7.18,86.7,995.1,0.66,203.1,1,0.11975960594903368,Pattern-Based Anomaly,Low
2017-01-01 07:00:00,-7.1,86.1,995.05,1.09,203.7,1,0.1333260663215861,Pattern-Based Anomaly,Low
2017-01-01 07:10:00,-6.85,86.0,994.95,1.43,214.9,1,0.13050920705040608,Pattern-Based Anomaly,Low
2017-01-01 07:20:00,-6.88,85.0,994.82,0.94,161.3,1,0.12478275306517606,Pattern-Based Anomaly,Low
2017-01-01 07:30:00,-6.96,85.7,994.69,1.13,192.6,1,0.1198831456304364,Pattern-Based Anomaly,Low
2017-01-01 07:40:00,-6.67,84.9,994.66,0.65,179.2,1,0.12463928455410456,Pattern-Based Anomaly,Low
2017-01-01 07:50:00,-6.56,85.3,994.65,0.34,67.14,1,0.11079070130112667,Pattern-Based Anomaly,Low
2017-01-01 08:00:00,-6.57,86.1,994.63,0.56,52.13,1,0.11855186104559479,Pattern-Based Anomaly,Low
2017-01-01 08:10:00,-6.51,86.0,994.65,0.32,77.4,1,0.12067641634104087,Pattern-Based Anomaly,Low
2017-01-01 08:20:00,-6.62,85.2,994.63,0.36,242.1,1,0.12151446038646879,Pattern-Based Anomaly,Low
2017-01-01 08:30:00,-6.87,85.5,994.52,0.72,241.0,1,0.11939921865954173,Pattern-Based Anomaly,Low
2017-01-01 08:40:00,-6.57,83.2,994.51,0.99,244.6,1,0.11315682141496225,Pattern-Based Anomaly,Low
2017-01-01 08:50:00,-6.36,80.0,994.43,1.07,243.4,1,0.08892680802758351,Pattern-Based Anomaly,Low
2017-01-01 09:00:00,-6.97,81.3,994.47,0.44,57.26,1,0.06566413360800927,Pattern-Based Anomaly,Low
2017-01-01 09:10:00,-7.02,82.6,994.42,0.33,116.2,1,0.10431493980612677,Pattern-Based Anomaly,Low
2017-01-01 09:20:00,-6.56,82.5,994.42,0.32,81.2,1,0.09707245318341035,Pattern-Based Anomaly,Low
2017-01-01 09:30:00,-6.19,81.3,994.42,0.36,216.3,1,0.11845873654331845,Pattern-Based Anomaly,Low
2017-01-01 09:40:00,-5.83,80.3,994.39,0.29,16.7,1,0.09156748157277061,Pattern-Based Anomaly,Low
2017-01-01 09:50:00,-5.92,79.5,994.29,0.78,201.2,1,0.11960463937720756,Pattern-Based Anomaly,Low
2017-01-01 10:00:00,-5.95,80.8,994.16,0.86,216.1,1,0.11759062264843095,Pattern-Based Anomaly,Low
2017-01-01 10:10:00,-5.64,79.8,994.03,0.82,203.3,1,0.11771956332103967,Pattern-Based Anomaly,Low
2017-01-01 10:20:00,-5.53,78.2,993.94,0.91,200.4,1,0.1312751822142878,Pattern-Based Anomaly,Low
2017-01-01 10:30:00,-5.3,78.5,993.81,1.01,207.1,1,0.12450867802055021,Pattern-Based Anomaly,Low
2017-01-01 10:40:00,-5.24,79.0,993.68,1.29,200.6,1,0.1252533192963166,Pattern-Based Anomaly,Low
2017-01-01 10:50:00,-4.92,79.6,993.56,1.17,188.4,1,0.11944648125550039,Pattern-Based Anomaly,Low
2017-01-01 11:00:00,-4.28,78.2,993.46,0.61,174.3,1,0.09096554745041102,Pattern-Based Anomaly,Low
2017-01-01 11:10:00,-3.21,72.1,993.33,0.36,164.5,-1,-0.007111074603500134,Pattern-Based Anomaly,Low
2017-01-01 11:20:00,-2.97,68.72,993.29,0.93,146.5,1,0.02511145254035596,Pattern-Based Anomaly,Low
2017-01-01 11:30:00,-2.85,69.76,993.17,0.86,173.1,1,0.05677380944247423,Pattern-Based Anomaly,Low
2017-01-01 11:40:00,-2.56,68.89,993.09,0.93,145.8,1,0.05919087241402776,Pattern-Based Anomaly,Low
2017-01-01 11:50:00,-2.53,69.51,992.87,1.13,183.4,1,0.06436007013913636,Pattern-Based Anomaly,Low
2017-01-01 12:00:00,-2.31,69.49,992.69,0.74,142.9,1,0.10510643613549142,Pattern-Based Anomaly,Low
2017-01-01 12:10:00,-2.12,69.48,992.58,0.78,70.1,1,0.0835806711388058,Pattern-Based Anomaly,Low
2017-01-01 12:20:00,-1.79,69.55,992.48,0.94,62.38,1,0.08222209398568031,Pattern-Based Anomaly,Low
2017-01-01 12:30:00,-1.16,68.56,992.27,0.52,93.5,1,0.03203950923011267,Pattern-Based Anomaly,Low
2017-01-01 12:40:00,-0.24,65.55,992.17,0.78,155.1,1,0.036874055242282266,Pattern-Based Anomaly,Low
2017-01-01 12:50:00,0.47,62.86,992.12,0.52,359.1,1,0.03386099205001636,Pattern-Based Anomaly,Low
2017-01-01 13:00:00,0.63,62.87,992.0,0.47,5.25,1,0.04686006578340851,Pattern-Based Anomaly,Low
2017-01-01 13:10:00,1.5,60.3,991.81,0.71,196.7,1,0.007560725719085726,Pattern-Based Anomaly,Low
2017-01-01 13:20:00,1.64,59.6,991.57,0.86,201.6,1,0.03186394637669132,Pattern-Based Anomaly,Low
2017-01-01 13:30:00,1.99,58.72,991.43,0.63,210.7,1,0.0562509931167654,Pattern-Based Anomaly,Low
2017-01-01 13:40:00,2.5,57.0,991.34,0.74,212.2,1,0.0632041519431189,Pattern-Based Anomaly,Low
2017-01-01 13:50:00,2.49,57.11,991.16,0.78,211.2,1,0.07871050545502772,Pattern-Based Anomaly,Low
2017-01-01 14:00:00,2.43,57.09,991.06,0.4,260.1,1,0.1073333193492334,Pattern-Based Anomaly,Low
2017-01-01 14:10:00,2.52,57.19,990.97,0.57,219.6,1,0.12789662928419016,Pattern-Based Anomaly,Low
2017-01-01 14:20:00,2.81,57.03,990.94,0.56,177.5,1,0.12765536995819604,Pattern-Based Anomaly,Low
2017-01-01 14:30:00,2.57,57.44,990.84,0.87,219.0,1,0.133498783897133,Pattern-Based Anomaly,Low
2017-01-01 14:40:00,2.52,57.54,990.75,0.94,212.0,1,0.138952544017014,Pattern-Based Anomaly,Low
2017-01-01 14:50:00,2.97,57.19,990.69,0.46,228.9,1,0.12931439270972833,Pattern-Based Anomaly,Low
2017-01-01 15:00:00,2.89,57.34,990.63,0.79,55.33,1,0.12818496203013652,Pattern-Based Anomaly,Low
2017-01-01 15:10:00,1.97,60.3,990.72,0.58,273.4,1,0.07947055047713641,Pattern-Based Anomaly,Low
2017-01-01 15:20:00,2.28,59.79,990.78,0.32,235.5,1,0.12297214567723425,Pattern-Based Anomaly,Low
2017-01-01 15:30:00,2.4,59.29,990.87,0.39,74.3,1,0.12075651663402293,Pattern-Based Anomaly,Low
2017-01-01 15:40:00,2.08,60.7,990.79,0.59,178.2,1,0.13547415094634985,Pattern-Based Anomaly,Low
2017-01-01 15:50:00,1.45,62.23,990.73,0.27,44.69,1,0.08480889838538586,Pattern-Based Anomaly,Low
2017-01-01 16:00:00,1.14,62.45,990.62,0.55,249.6,1,0.12571796555427128,Pattern-Based Anomaly,Low
2017-01-01 16:10:00,0.81,62.06,990.46,0.91,212.5,1,0.10643253101882033,Pattern-Based Anomaly,Low
2017-01-01 16:20:00,0.61,61.78,990.32,1.3,207.1,1,0.10150314888762324,Pattern-Based Anomaly,Low
2017-01-01 16:30:00,0.53,61.33,990.23,1.9,208.1,1,0.1257766381208607,Pattern-Based Anomaly,Low
2017-01-01 16:40:00,0.42,61.26,990.23,2.06,209.9,1,0.1265045231493876,Pattern-Based Anomaly,Low
2017-01-01 16:50:00,0.37,61.38,990.23,1.6,204.9,1,0.13670877412407983,Pattern-Based Anomaly,Low
2017-01-01 17:00:00,0.29,61.86,990.16,2.01,200.5,1,0.14176029733033096,Pattern-Based Anomaly,Low
2017-01-01 17:10:00,0.05,62.97,990.13,1.88,199.6,1,0.13278957994534796,Pattern-Based Anomaly,Low
2017-01-01 17:20:00,-0.21,65.03,990.11,1.67,185.6,1,0.11913030403977765,Pattern-Based Anomaly,Low
2017-01-01 17:30:00,-0.65,66.89,990.11,2.24,193.7,1,0.10069345442431066,Pattern-Based Anomaly,Low
2017-01-01 17:40:00,-0.75,67.01,990.05,2.14,176.4,1,0.11820242986448964,Pattern-Based Anomaly,Low
2017-01-01 17:50:00,-0.83,66.78,990.08,2.02,175.1,1,0.11966909725583202,Pattern-Based Anomaly,Low
2017-01-01 18:00:00,-1.09,67.9,990.1,1.77,184.7,1,0.11968614237354891,Pattern-Based Anomaly,Low
2017-01-01 18:10:00,-1.21,68.21,990.0,1.64,174.2,1,0.1337185646887991,Pattern-Based Anomaly,Low
2017-01-01 18:20:00,-1.23,68.41,989.98,1.68,175.6,1,0.1410574348774531,Pattern-Based Anomaly,Low
2017-01-01 18:30:00,-1.34,68.44,989.89,1.22,180.4,1,0.13363275318959422,Pattern-Based Anomaly,Low
2017-01-01 18:40:00,-1.43,68.35,989.93,1.6,168.0,1,0.1362291640192605,Pattern-Based Anomaly,Low
2017-01-01 18:50:00,-1.48,68.92,990.01,1.53,169.4,1,0.13569388093842089,Pattern-Based Anomaly,Low
2017-01-01 19:00:00,-1.56,70.2,990.04,0.74,162.3,1,0.13002173611568085,Pattern-Based Anomaly,Low
2017-01-01 19:10:00,-1.69,71.4,990.03,0.77,189.7,1,0.12816748551581342,Pattern-Based Anomaly,Low
2017-01-01 19:20:00,-1.76,72.5,990.17,0.57,176.6,1,0.10916542761878661,Pattern-Based Anomaly,Low
2017-01-01 19:30:00,-1.83,72.9,990.16,0.8,201.9,1,0.13310788948943958,Pattern-Based Anomaly,Low
2017-01-01 19:40:00,-1.85,72.5,990.26,0.63,245.8,1,0.12497976248099474,Pattern-Based Anomaly,Low
2017-01-01 19:50:00,-1.69,71.9,990.32,0.32,354.5,1,0.10063904335734014,Pattern-Based Anomaly,Low
2017-01-01 20:00:00,-1.73,72.4,990.38,0.41,15.87,1,0.11294465129313608,Pattern-Based Anomaly,Low
2017-01-01 20:10:00,-1.57,72.2,990.47,1.48,10.99,1,0.11038679363730264,Pattern-Based Anomaly,Low
2017-01-01 20:20:00,-1.95,73.2,990.4,0.48,227.4,1,0.10837633356122228,Pattern-Based Anomaly,Low
2017-01-01 20:30:00,-2.11,74.7,990.45,0.3,276.8,1,0.11256040043151733,Pattern-Based Anomaly,Low
2017-01-01 20:40:00,-2.23,74.7,990.46,0.46,59.25,1,0.11763195285182237,Pattern-Based Anomaly,Low
2017-01-01 20:50:00,-2.69,77.5,990.46,0.39,115.8,1,0.07681794710193324,Pattern-Based Anomaly,Low
2017-01-01 21:00:00,-2.84,78.6,990.47,0.3,127.7,1,0.09332376205202225,Pattern-Based Anomaly,Low
2017-01-01 21:10:00,-2.97,79.1,990.44,0.3,45.13,1,0.08938646905839809,Pattern-Based Anomaly,Low
2017-01-01 21:20:00,-3.16,81.1,990.48,0.43,67.91,1,0.08022948100075655,Pattern-Based Anomaly,Low
2017-01-01 21:30:00,-2.97,80.3,990.48,0.29,139.6,1,0.1056200761631878,Pattern-Based Anomaly,Low
2017-01-01 21:40:00,-3.09,80.6,990.56,0.43,328.4,1,0.10838686900478717,Pattern-Based Anomaly,Low
2017-01-01 21:50:00,-3.02,79.2,990.56,1.14,14.67,1,0.1129452213696826,Pattern-Based Anomaly,Low
2017-01-01 22:00:00,-2.93,78.8,990.69,1.13,8.28,1,0.10354457988634763,Pattern-Based Anomaly,Low
2017-01-01 22:10:00,-2.99,79.5,990.67,0.52,23.66,1,0.11834332741556786,Pattern-Based Anomaly,Low
2017-01-01 22:20:00,-3.31,80.3,990.71,0.76,157.4,1,0.12744667228234974,Pattern-Based Anomaly,Low
2017-01-01 22:30:00,-3.47,81.4,990.85,0.48,241.3,1,0.10507351795516884,Pattern-Based Anomaly,Low
2017-01-01 22:40:00,-3.6,81.1,990.96,0.43,195.3,1,0.11591074911822213,Pattern-Based Anomaly,Low
2017-01-01 22:50:00,-3.6,81.2,990.87,0.47,246.2,1,0.12554565862748945,Pattern-Based Anomaly,Low
2017-01-01 23:00:00,-3.54,80.6,990.74,0.69,255.6,1,0.11485393500800395,Pattern-Based Anomaly,Low
2017-01-01 23:10:00,-3.39,78.6,990.71,1.39,221.3,1,0.11785051015164788,Pattern-Based Anomaly,Low
2017-01-01 23:20:00,-3.39,79.1,990.61,1.29,193.0,1,0.13038251400872963,Pattern-Based Anomaly,Low
2017-01-01 23:30:00,-3.58,81.1,990.61,1.32,178.8,1,0.11197398111032225,Pattern-Based Anomaly,Low
2017-01-01 23:40:00,-3.52,80.2,990.61,1.51,177.5,1,0.13206770372050608,Pattern-Based Anomaly,Low
2017-01-01 23:50:00,-3.39,79.9,990.62,0.81,170.9,1,0.12860130358270688,Pattern-Based Anomaly,Low
2017-01-02 00:00:00,-3.2,79.2,990.6,1.14,140.3,1,0.11385797754367222,Pattern-Based Anomaly,Low
2017-01-02 00:10:00,-3.07,79.3,990.6,1.27,182.5,1,0.11775930622695707,Pattern-Based Anomaly,Low
2017-01-02 00:20:00,-3.04,79.1,990.61,0.92,175.2,1,0.11370862192763553,Pattern-Based Anomaly,Low
2017-01-02 00:30:00,-2.8,78.6,990.61,0.63,184.5,1,0.10712797591323903,Pattern-Based Anomaly,Low
2017-01-02 00:40:00,-2.63,78.1,990.57,0.59,337.8,1,0.08356864130678049,Pattern-Based Anomaly,Low
2017-01-02 00:50:00,-2.37,77.2,990.49,0.44,213.1,1,0.1000440420335656,Pattern-Based Anomaly,Low
2017-01-02 01:00:00,-2.28,76.8,990.53,0.71,180.7,1,0.12240010960736553,Pattern-Based Anomaly,Low
2017-01-02 01:10:00,-2.26,77.1,990.43,0.94,197.7,1,0.12355329880775645,Pattern-Based Anomaly,Low
2017-01-02 01:20:00,-2.23,77.3,990.37,0.92,201.7,1,0.1270939075435505,Pattern-Based Anomaly,Low
2017-01-02 01:30:00,-2.21,77.8,990.33,0.77,198.4,1,0.1232135545518912,Pattern-Based Anomaly,Low
2017-01-02 01:40:00,-2.23,78.3,990.24,1.06,195.3,1,0.12686810331590348,Pattern-Based Anomaly,Low
2017-01-02 01:50:00,-2.16,78.3,990.34,1.28,186.7,1,0.12877472863563277,Pattern-Based Anomaly,Low
2017-01-02 02:00:00,-2.24,78.6,990.2,1.44,206.3,1,0.12944781913666703,Pattern-Based Anomaly,Low
2017-01-02 02:10:00,-2.23,79.6,990.09,0.8,155.0,1,0.1157125929533469,Pattern-Based Anomaly,Low
2017-01-02 02:20:00,-2.12,79.0,990.19,1.31,151.9,1,0.13541990714072338,Pattern-Based Anomaly,Low
2017-01-02 02:30:00,-2.03,78.2,990.16,1.34,171.4,1,0.14000820170022138,Pattern-Based Anomaly,Low
2017-01-02 02:40:00,-1.91,77.5,990.14,1.33,146.1,1,0.14011366581618034,Pattern-Based Anomaly,Low
2017-01-02 02:50:00,-1.88,77.0,990.2,0.98,165.4,1,0.13881966935944368,Pattern-Based Anomaly,Low
2017-01-02 03:00:00,-1.8,77.4,990.19,1.35,181.8,1,0.13990624043180228,Pattern-Based Anomaly,Low
2017-01-02 03:10:00,-1.8,78.2,990.21,0.89,175.2,1,0.13857338738656383,Pattern-Based Anomaly,Low
2017-01-02 03:20:00,-1.64,78.2,990.26,0.3,167.1,1,0.12836521995786881,Pattern-Based Anomaly,Low
2017-01-02 03:30:00,-1.49,76.9,990.2,0.64,148.9,1,0.12055864745719946,Pattern-Based Anomaly,Low
2017-01-02 03:40:00,-1.69,78.9,990.06,0.7,171.2,1,0.10851002582900571,Pattern-Based Anomaly,Low
2017-01-02 03:50:00,-1.77,78.9,990.03,0.89,175.8,1,0.13923014164680514,Pattern-Based Anomaly,Low
2017-01-02 04:00:00,-1.78,80.0,990.0,0.59,203.3,1,0.1354838145337811,Pattern-Based Anomaly,Low
2017-01-02 04:10:00,-1.67,79.8,990.01,0.66,219.3,1,0.14232218032842697,Pattern-Based Anomaly,Low
2017-01-02 04:20:00,-1.62,79.5,990.05,0.48,34.7,1,0.1264748431397228,Pattern-Based Anomaly,Low
2017-01-02 04:30:00,-1.68,79.2,990.01,0.94,152.0,1,0.14132030441175375,Pattern-Based Anomaly,Low
2017-01-02 04:40:00,-1.75,79.5,989.99,0.93,138.1,1,0.13617224642949394,Pattern-Based Anomaly,Low
2017-01-02 04:50:00,-1.81,79.9,989.95,0.88,142.8,1,0.1371247225469937,Pattern-Based Anomaly,Low
2017-01-02 05:00:00,-1.75,80.4,989.8,0.94,140.2,1,0.13284229254529878,Pattern-Based Anomaly,Low
2017-01-02 05:10:00,-1.77,81.1,989.83,1.04,137.2,1,0.1502627026598113,Pattern-Based Anomaly,Low
2017-01-02 05:20:00,-1.76,81.6,989.83,1.11,126.5,1,0.14739635253398053,Pattern-Based Anomaly,Low
2017-01-02 05:30:00,-1.73,82.3,989.83,1.58,137.2,1,0.14572058457523457,Pattern-Based Anomaly,Low
2017-01-02 05:40:00,-1.51,82.9,989.83,0.68,126.3,1,0.14076183690599703,Pattern-Based Anomaly,Low
2017-01-02 05:50:00,-1.38,83.8,989.84,1.13,152.5,1,0.145534921375008,Pattern-Based Anomaly,Low
2017-01-02 06:00:00,-1.35,85.4,989.94,0.75,130.9,1,0.13346205326503185,Pattern-Based Anomaly,Low
2017-01-02 06:10:00,-1.3,87.9,989.95,1.12,152.4,1,0.12276317061982511,Pattern-Based Anomaly,Low
2017-01-02 06:20:00,-1.3,89.8,989.94,0.63,67.16,1,0.1075415938821388,Pattern-Based Anomaly,Low
2017-01-02 06:30:00,-1.09,91.6,989.88,0.86,269.9,1,0.09499970581241929,Pattern-Based Anomaly,Low
2017-01-02 06:40:00,-0.71,90.9,989.92,0.62,74.5,1,0.10689262724573134,Pattern-Based Anomaly,Low
2017-01-02 06:50:00,-0.76,89.3,990.02,1.49,74.3,1,0.12068379987615946,Pattern-Based Anomaly,Low
2017-01-02 07:00:00,-0.51,87.6,989.93,1.96,231.0,1,0.13972535136760433,Pattern-Based Anomaly,Low
2017-01-02 07:10:00,-0.47,86.3,989.99,1.64,236.9,1,0.14276908189323,Pattern-Based Anomaly,Low
2017-01-02 07:20:00,-0.37,85.1,989.97,2.41,245.1,1,0.1287597200736612,Pattern-Based Anomaly,Low
2017-01-02 07:30:00,-0.46,85.9,989.99,1.62,242.0,1,0.14369473078138073,Pattern-Based Anomaly,Low
2017-01-02 07:40:00,-0.46,86.4,990.09,1.28,114.9,1,0.15558947444078614,Pattern-Based Anomaly,Low
2017-01-02 07:50:00,-0.83,87.4,990.19,1.51,101.7,1,0.1331033071531313,Pattern-Based Anomaly,Low
2017-01-02 08:00:00,-1.22,90.0,990.17,1.14,115.3,1,0.10194476509995404,Pattern-Based Anomaly,Low
2017-01-02 08:10:00,-1.28,91.4,990.21,0.87,130.2,1,0.12759918592680963,Pattern-Based Anomaly,Low
2017-01-02 08:20:00,-1.2,92.3,990.26,0.7,57.57,1,0.11942345993498832,Pattern-Based Anomaly,Low
2017-01-02 08:30:00,-1.29,92.4,990.36,0.97,82.8,1,0.13144308652707476,Pattern-Based Anomaly,Low
2017-01-02 08:40:00,-1.34,92.9,990.45,1.12,65.57,1,0.13440296470852375,Pattern-Based Anomaly,Low
2017-01-02 08:50:00,-1.26,93.3,990.5,0.87,106.3,1,0.1512800160854847,Pattern-Based Anomaly,Low
2017-01-02 09:00:00,-1.2,93.2,990.51,0.74,110.2,1,0.1485471685659468,Pattern-Based Anomaly,Low
2017-01-02 09:10:00,-1.2,93.3,990.55,0.63,96.0,1,0.14922806402103628,Pattern-Based Anomaly,Low
2017-01-02 09:20:00,-1.38,93.5,990.59,0.91,105.5,1,0.14106050511888563,Pattern-Based Anomaly,Low
2017-01-02 09:30:00,-1.45,94.1,990.58,1.22,138.6,1,0.1538600816693923,Pattern-Based Anomaly,Low
2017-01-02 09:40:00,-1.53,94.3,990.66,0.98,132.3,1,0.1499833237495321,Pattern-Based Anomaly,Low
2017-01-02 09:50:00,-1.43,94.8,990.75,0.72,123.6,1,0.14581403083516215,Pattern-Based Anomaly,Low
2017-01-02 10:00:00,-1.38,94.6,990.82,1.03,155.8,1,0.15279882259819316,Pattern-Based Anomaly,Low
2017-01-02 10:10:00,-1.43,94.8,990.88,1.02,144.2,1,0.1533742807005013,Pattern-Based Anomaly,Low
2017-01-02 10:20:00,-1.29,94.9,990.97,0.89,137.4,1,0.14455534634864142,Pattern-Based Anomaly,Low
2017-01-02 10:30:00,-1.24,95.0,991.04,0.86,115.0,1,0.14209552864570785,Pattern-Based Anomaly,Low
2017-01-02 10:40:00,-1.04,95.1,991.11,0.69,109.7,1,0.1384828392186747,Pattern-Based Anomaly,Low
2017-01-02 10:50:00,-0.97,94.8,991.17,1.21,166.8,1,0.15161118028251203,Pattern-Based Anomaly,Low
2017-01-02 11:00:00,-0.66,94.5,991.12,0.82,191.3,1,0.13717808930652203,Pattern-Based Anomaly,Low
2017-01-02 11:10:00,-0.5,93.6,991.11,1.68,227.2,1,0.1508084873234894,Pattern-Based Anomaly,Low
2017-01-02 11:20:00,-0.31,91.8,990.98,2.38,255.6,1,0.13222187562340165,Pattern-Based Anomaly,Low
2017-01-02 11:30:00,-0.16,89.5,990.76,3.75,248.5,1,0.08480641080638651,Pattern-Based Anomaly,Low
2017-01-02 11:40:00,-0.02,88.2,990.67,3.21,247.1,1,0.11505363462001966,Pattern-Based Anomaly,Low
2017-01-02 11:50:00,0.0,87.9,990.67,2.83,258.7,1,0.13251145941098408,Pattern-Based Anomaly,Low
2017-01-02 12:00:00,0.2,87.5,990.59,2.55,258.8,1,0.12953850162703578,Pattern-Based Anomaly,Low
2017-01-02 12:10:00,0.39,86.8,990.55,2.69,265.3,1,0.14460739148962892,Pattern-Based Anomaly,Low
2017-01-02 12:20:00,0.61,85.5,990.49,2.69,269.2,1,0.14726372489874373,Pattern-Based Anomaly,Low
2017-01-02 12:30:00,0.78,84.5,990.43,2.95,261.0,1,0.148459778936523,Pattern-Based Anomaly,Low
2017-01-02 12:40:00,0.86,83.9,990.23,3.17,259.4,1,0.13051730254552069,Pattern-Based Anomaly,Low
2017-01-02 12:50:00,0.96,83.4,990.16,2.93,263.6,1,0.15323388367323104,Pattern-Based Anomaly,Low
2017-01-02 13:00:00,1.37,81.7,990.19,2.73,255.4,1,0.14343124080346997,Pattern-Based Anomaly,Low
2017-01-02 13:10:00,1.66,79.8,990.42,2.17,299.6,1,0.10933388772491909,Pattern-Based Anomaly,Low
2017-01-02 13:20:00,1.67,79.4,990.56,1.75,301.3,1,0.13311371935856853,Pattern-Based Anomaly,Low
2017-01-02 13:30:00,1.39,80.1,990.62,2.34,262.0,1,0.14878680470504418,Pattern-Based Anomaly,Low
2017-01-02 13:40:00,1.28,80.6,990.71,1.89,259.7,1,0.15772616986665378,Pattern-Based Anomaly,Low
2017-01-02 13:50:00,1.16,81.0,990.65,2.36,269.5,1,0.16369007125634394,Pattern-Based Anomaly,Low
2017-01-02 14:00:00,0.9,82.0,990.69,2.68,248.1,1,0.1466310848571838,Pattern-Based Anomaly,Low
2017-01-02 14:10:00,0.71,82.5,990.8,3.05,261.3,1,0.15636250859746076,Pattern-Based Anomaly,Low
2017-01-02 14:20:00,0.64,82.5,990.98,2.6,261.8,1,0.1440329378101074,Pattern-Based Anomaly,Low
2017-01-02 14:30:00,0.5,83.7,991.17,3.16,260.6,1,0.13307475878682867,Pattern-Based Anomaly,Low
2017-01-02 14:40:00,0.35,85.5,991.17,2.9,263.9,1,0.13527681019273402,Pattern-Based Anomaly,Low
2017-01-02 14:50:00,0.41,85.6,991.09,2.96,265.1,1,0.14956394884759322,Pattern-Based Anomaly,Low
2017-01-02 15:00:00,0.51,85.3,991.19,3.21,263.8,1,0.15805473389884916,Pattern-Based Anomaly,Low
2017-01-02 15:10:00,0.53,85.1,991.24,2.76,265.1,1,0.16426845192563388,Pattern-Based Anomaly,Low
2017-01-02 15:20:00,0.54,84.9,991.28,3.0,264.6,1,0.1625225265967405,Pattern-Based Anomaly,Low
2017-01-02 15:30:00,0.59,84.9,991.41,3.06,261.1,1,0.15281837177358798,Pattern-Based Anomaly,Low
2017-01-02 15:40:00,0.62,84.7,991.46,3.33,258.8,1,0.1587240116919118,Pattern-Based Anomaly,Low
2017-01-02 15:50:00,0.62,84.6,991.51,2.89,263.2,1,0.16039792159679161,Pattern-Based Anomaly,Low
2017-01-02 16:00:00,0.59,84.6,991.57,3.41,263.2,1,0.15299391378768074,Pattern-Based Anomaly,Low
2017-01-02 16:10:00,0.5,84.9,991.66,2.77,252.8,1,0.15179973712202288,Pattern-Based Anomaly,Low
2017-01-02 16:20:00,0.46,85.3,991.79,3.07,258.4,1,0.14884693270516042,Pattern-Based Anomaly,Low
2017-01-02 16:30:00,0.44,85.5,991.94,2.79,256.0,1,0.1448923013041224,Pattern-Based Anomaly,Low
2017-01-02 16:40:00,0.4,85.7,992.09,2.77,258.6,1,0.13713951073396807,Pattern-Based Anomaly,Low
2017-01-02 16:50:00,0.43,85.7,992.12,2.56,264.3,1,0.15111958076409987,Pattern-Based Anomaly,Low
2017-01-02 17:00:00,0.49,85.6,992.26,2.3,260.1,1,0.13640396823277112,Pattern-Based Anomaly,Low
2017-01-02 17:10:00,0.57,85.4,992.37,2.82,262.0,1,0.145272098887832,Pattern-Based Anomaly,Low
2017-01-02 17:20:00,0.6,85.3,992.52,2.54,262.1,1,0.13751804063568224,Pattern-Based Anomaly,Low
2017-01-02 17:30:00,0.61,85.2,992.68,2.95,261.5,1,0.13616019338919638,Pattern-Based Anomaly,Low
2017-01-02 17:40:00,0.67,85.0,992.88,2.48,263.4,1,0.12288507551785616,Pattern-Based Anomaly,Low
2017-01-02 17:50:00,0.66,85.0,992.93,2.14,260.6,1,0.14613167599844457,Pattern-Based Anomaly,Low
2017-01-02 18:00:00,0.55,85.1,992.89,2.09,262.8,1,0.14766421752345127,Pattern-Based Anomaly,Low
2017-01-02 18:10:00,0.45,85.2,992.96,2.67,265.9,1,0.15105091987245034,Pattern-Based Anomaly,Low
2017-01-02 18:20:00,0.4,85.2,993.09,2.44,261.4,1,0.147024562129701,Pattern-Based Anomaly,Low
2017-01-02 18:30:00,0.25,85.5,993.2,2.92,256.6,1,0.14676519179559955,Pattern-Based Anomaly,Low
2017-01-02 18:40:00,0.14,85.7,993.31,2.52,263.3,1,0.142560819045767,Pattern-Based Anomaly,Low
2017-01-02 18:50:00,-0.02,86.0,993.45,2.84,256.4,1,0.12280458651698273,Pattern-Based Anomaly,Low
2017-01-02 19:00:00,-0.08,86.0,993.6,2.93,254.5,1,0.1271598685001128,Pattern-Based Anomaly,Low
2017-01-02 19:10:00,-0.13,86.0,993.79,3.31,255.7,1,0.121500198384289,Pattern-Based Anomaly,Low
2017-01-02 19:20:00,-0.21,85.8,993.94,3.36,258.3,1,0.11137611994233032,Pattern-Based Anomaly,Low
2017-01-02 19:30:00,-0.31,85.9,993.98,3.5,256.6,1,0.12841436855077665,Pattern-Based Anomaly,Low
2017-01-02 19:40:00,-0.37,85.9,994.13,3.22,256.2,1,0.11934619977897082,Pattern-Based Anomaly,Low
2017-01-02 19:50:00,-0.45,85.9,994.23,3.03,259.4,1,0.13470336519707132,Pattern-Based Anomaly,Low
2017-01-02 20:00:00,-0.55,86.0,994.39,3.24,259.6,1,0.11799865094005285,Pattern-Based Anomaly,Low
2017-01-02 20:10:00,-0.62,85.9,994.45,3.38,257.9,1,0.13879818560865936,Pattern-Based Anomaly,Low
2017-01-02 20:20:00,-0.63,85.9,994.47,3.78,257.4,1,0.14516033242479232,Pattern-Based Anomaly,Low
2017-01-02 20:30:00,-0.6,85.4,994.52,3.61,259.8,1,0.1444124481038312,Pattern-Based Anomaly,Low
2017-01-02 20:40:00,-0.6,85.1,994.49,3.48,256.2,1,0.14726451574474875,Pattern-Based Anomaly,Low
2017-01-02 20:50:00,-0.64,85.0,994.54,3.11,259.7,1,0.1482949163074897,Pattern-Based Anomaly,Low
2017-01-02 21:00:00,-0.72,84.9,994.69,2.96,251.2,1,0.13076295194879306,Pattern-Based Anomaly,Low
2017-01-02 21:10:00,-1.0,85.4,994.78,2.99,248.6,1,0.137815071879949,Pattern-Based Anomaly,Low
2017-01-02 21:20:00,-1.3,86.1,994.82,2.53,250.4,1,0.1288101028121807,Pattern-Based Anomaly,Low
2017-01-02 21:30:00,-1.37,86.8,994.96,2.49,246.0,1,0.12190227131971121,Pattern-Based Anomaly,Low
2017-01-02 21:40:00,-1.38,86.6,995.08,2.06,252.5,1,0.13091276458987972,Pattern-Based Anomaly,Low
2017-01-02 21:50:00,-1.33,86.3,995.14,2.26,260.0,1,0.1403281293677358,Pattern-Based Anomaly,Low
2017-01-02 22:00:00,-1.13,85.6,995.17,1.96,265.7,1,0.13791571730853502,Pattern-Based Anomaly,Low
2017-01-02 22:10:00,-1.09,85.2,995.21,2.09,256.7,1,0.1465156912932249,Pattern-Based Anomaly,Low
2017-01-02 22:20:00,-1.17,85.5,995.25,1.78,254.8,1,0.14601711723564625,Pattern-Based Anomaly,Low
2017-01-02 22:30:00,-1.2,85.8,995.24,1.63,250.0,1,0.14785794146144243,Pattern-Based Anomaly,Low
2017-01-02 22:40:00,-1.29,85.9,995.27,1.47,226.5,1,0.1411593807109907,Pattern-Based Anomaly,Low
2017-01-02 22:50:00,-1.41,86.2,995.26,0.71,205.6,1,0.13355477940091176,Pattern-Based Anomaly,Low
2017-01-02 23:00:00,-1.4,86.5,995.33,1.17,237.4,1,0.13816557010656594,Pattern-Based Anomaly,Low
2017-01-02 23:10:00,-1.2,86.8,995.42,1.88,254.7,1,0.12592047359198794,Pattern-Based Anomaly,Low
2017-01-02 23:20:00,-0.94,86.3,995.4,2.5,251.4,1,0.12579247683701789,Pattern-Based Anomaly,Low
2017-01-02 23:30:00,-0.75,86.0,995.4,2.04,254.0,1,0.1277012659829606,Pattern-Based Anomaly,Low
2017-01-02 23:40:00,-0.6,85.8,995.32,1.74,253.0,1,0.12668516936544805,Pattern-Based Anomaly,Low
2017-01-02 23:50:00,-0.47,85.6,995.27,1.6,244.1,1,0.13129722574199043,Pattern-Based Anomaly,Low
2017-01-03 00:00:00,-0.35,85.3,995.28,1.11,249.6,1,0.12556835920158527,Pattern-Based Anomaly,Low
2017-01-03 00:10:00,-0.26,85.0,995.33,0.57,255.3,1,0.12020610468730003,Pattern-Based Anomaly,Low
2017-01-03 00:20:00,-0.17,84.6,995.39,1.1,241.5,1,0.12846444665025664,Pattern-Based Anomaly,Low
2017-01-03 00:30:00,-0.1,84.3,995.28,1.1,240.5,1,0.130775563959394,Pattern-Based Anomaly,Low
2017-01-03 00:40:00,-0.07,84.1,995.37,0.8,228.4,1,0.1291746675050925,Pattern-Based Anomaly,Low
2017-01-03 00:50:00,-0.01,84.0,995.29,0.67,215.6,1,0.1311655267475514,Pattern-Based Anomaly,Low
2017-01-03 01:00:00,-0.01,83.8,995.27,0.86,208.3,1,0.151220822889733,Pattern-Based Anomaly,Low
2017-01-03 01:10:00,-0.03,84.0,995.09,0.97,230.2,1,0.12558266636369209,Pattern-Based Anomaly,Low
2017-01-03 01:20:00,-0.07,84.1,994.95,2.34,225.0,1,0.12918042726974915,Pattern-Based Anomaly,Low
2017-01-03 01:30:00,-0.02,83.3,995.03,2.88,218.3,1,0.13142359581687513,Pattern-Based Anomaly,Low
2017-01-03 01:40:00,-0.1,83.4,995.07,1.77,221.9,1,0.14448580904433056,Pattern-Based Anomaly,Low
2017-01-03 01:50:00,-0.13,83.5,995.02,0.81,243.4,1,0.14494746180613,Pattern-Based Anomaly,Low
2017-01-03 02:00:00,-0.14,83.5,994.99,1.1,246.1,1,0.15356905831321682,Pattern-Based Anomaly,Low
2017-01-03 02:10:00,-0.11,83.4,995.1,1.22,231.0,1,0.14748482303504978,Pattern-Based Anomaly,Low
2017-01-03 02:20:00,0.05,82.6,995.09,2.18,228.8,1,0.14776642499742904,Pattern-Based Anomaly,Low
2017-01-03 02:30:00,0.19,81.9,995.14,0.73,244.2,1,0.1428175751577358,Pattern-Based Anomaly,Low
2017-01-03 02:40:00,0.35,80.8,995.22,1.13,252.5,1,0.13567268574013808,Pattern-Based Anomaly,Low
2017-01-03 02:50:00,0.42,80.2,995.25,1.41,265.4,1,0.1468910534554443,Pattern-Based Anomaly,Low
2017-01-03 03:00:00,0.4,80.0,995.26,0.9,206.5,1,0.15413109803614006,Pattern-Based Anomaly,Low
2017-01-03 03:10:00,0.41,79.9,995.27,0.81,165.1,1,0.1530788865892529,Pattern-Based Anomaly,Low
2017-01-03 03:20:00,0.4,79.8,995.29,0.85,178.0,1,0.15508943463182445,Pattern-Based Anomaly,Low
2017-01-03 03:30:00,0.38,79.8,995.25,1.42,261.8,1,0.14768864391789938,Pattern-Based Anomaly,Low
2017-01-03 03:40:00,0.4,79.7,995.15,1.99,238.5,1,0.14179541733742695,Pattern-Based Anomaly,Low
2017-01-03 03:50:00,0.43,79.9,995.05,2.13,235.8,1,0.14448581596126236,Pattern-Based Anomaly,Low
2017-01-03 04:00:00,0.51,79.7,994.97,2.7,249.1,1,0.14562625820391112,Pattern-Based Anomaly,Low
2017-01-03 04:10:00,0.53,79.7,994.85,3.06,243.2,1,0.14982654569008935,Pattern-Based Anomaly,Low
2017-01-03 04:20:00,0.53,79.8,994.77,2.77,246.6,1,0.15126727852783056,Pattern-Based Anomaly,Low
2017-01-03 04:30:00,0.54,79.6,994.71,3.0,248.5,1,0.14889229089287487,Pattern-Based Anomaly,Low
2017-01-03 04:40:00,0.53,79.6,994.7,2.69,245.2,1,0.15306487212455439,Pattern-Based Anomaly,Low
2017-01-03 04:50:00,0.53,79.6,994.73,1.85,254.8,1,0.14926225911004198,Pattern-Based Anomaly,Low
2017-01-03 05:00:00,0.54,79.6,994.71,2.16,255.7,1,0.1498903493450135,Pattern-Based Anomaly,Low
2017-01-03 05:10:00,0.55,79.7,994.75,2.1,247.1,1,0.14965344894724447,Pattern-Based Anomaly,Low
2017-01-03 05:20:00,0.6,79.6,994.72,1.86,250.6,1,0.14755421570050598,Pattern-Based Anomaly,Low
2017-01-03 05:30:00,0.6,79.4,994.64,1.86,242.9,1,0.1528820061427727,Pattern-Based Anomaly,Low
2017-01-03 05:40:00,0.58,79.3,994.69,2.33,246.3,1,0.1510939300150222,Pattern-Based Anomaly,Low
2017-01-03 05:50:00,0.46,79.7,994.77,1.66,242.1,1,0.14996561602717678,Pattern-Based Anomaly,Low
2017-01-03 06:00:00,0.34,80.1,994.84,1.78,246.9,1,0.15298234857839488,Pattern-Based Anomaly,Low
2017-01-03 06:10:00,0.32,80.1,994.84,1.01,251.3,1,0.16250709893164783,Pattern-Based Anomaly,Low
2017-01-03 06:20:00,0.34,80.2,994.83,1.51,248.9,1,0.1624569950280984,Pattern-Based Anomaly,Low
2017-01-03 06:30:00,0.47,79.8,994.79,2.86,238.8,1,0.15680505808087608,Pattern-Based Anomaly,Low
2017-01-03 06:40:00,0.64,79.3,995.03,2.96,250.4,1,0.12937596017917596,Pattern-Based Anomaly,Low
2017-01-03 06:50:00,0.76,78.8,995.04,2.39,255.2,1,0.16003659970647682,Pattern-Based Anomaly,Low
2017-01-03 07:00:00,0.84,78.4,995.0,2.56,242.3,1,0.1633424440894281,Pattern-Based Anomaly,Low
2017-01-03 07:10:00,0.92,78.1,994.94,2.11,256.3,1,0.16464489770846225,Pattern-Based Anomaly,Low
2017-01-03 07:20:00,1.04,77.6,994.93,1.96,253.2,1,0.16908256469490957,Pattern-Based Anomaly,Low
2017-01-03 07:30:00,1.08,77.2,994.78,2.78,244.6,1,0.1499864589563918,Pattern-Based Anomaly,Low
2017-01-03 07:40:00,1.12,77.0,994.8,2.76,244.8,1,0.1647258154304,Pattern-Based Anomaly,Low
2017-01-03 07:50:00,1.13,77.1,994.81,2.41,252.6,1,0.1673813374539858,Pattern-Based Anomaly,Low
2017-01-03 08:00:00,1.15,76.8,994.74,2.95,249.5,1,0.16375023967048802,Pattern-Based Anomaly,Low
2017-01-03 08:10:00,1.11,76.9,994.76,3.58,247.3,1,0.15313257237501565,Pattern-Based Anomaly,Low
2017-01-03 08:20:00,1.07,76.9,994.79,3.13,240.9,1,0.15611676185145118,Pattern-Based Anomaly,Low
2017-01-03 08:30:00,1.02,77.1,994.84,2.95,241.2,1,0.15518109664419444,Pattern-Based Anomaly,Low
2017-01-03 08:40:00,1.0,77.0,994.91,3.15,245.2,1,0.15560402640984927,Pattern-Based Anomaly,Low
2017-01-03 08:50:00,1.0,76.8,994.9,3.2,239.0,1,0.15758509935391896,Pattern-Based Anomaly,Low
2017-01-03 09:00:00,1.06,76.6,994.92,3.28,235.6,1,0.15626690448160596,Pattern-Based Anomaly,Low
2017-01-03 09:10:00,1.12,76.2,995.05,3.52,255.5,1,0.1453022344367168,Pattern-Based Anomaly,Low
2017-01-03 09:20:00,1.2,75.7,995.04,3.28,246.4,1,0.16107399437448838,Pattern-Based Anomaly,Low
2017-01-03 09:30:00,1.23,75.6,995.04,2.76,242.6,1,0.16635435448865504,Pattern-Based Anomaly,Low
2017-01-03 09:40:00,1.36,75.0,995.16,2.87,249.2,1,0.15472605376046306,Pattern-Based Anomaly,Low
2017-01-03 09:50:00,1.46,74.6,995.1,3.53,242.0,1,0.15708144971358406,Pattern-Based Anomaly,Low
2017-01-03 10:00:00,1.52,74.4,995.0,3.04,242.2,1,0.16157177222569352,Pattern-Based Anomaly,Low
2017-01-03 10:10:00,1.63,74.0,994.94,2.59,227.6,1,0.16724977958594361,Pattern-Based Anomaly,Low
2017-01-03 10:20:00,1.71,73.8,995.04,3.17,235.9,1,0.16450852898890406,Pattern-Based Anomaly,Low
2017-01-03 10:30:00,1.82,73.7,995.05,3.01,233.0,1,0.16854863736175058,Pattern-Based Anomaly,Low
2017-01-03 10:40:00,1.94,73.5,995.01,2.94,239.6,1,0.16260618963773404,Pattern-Based Anomaly,Low
2017-01-03 10:50:00,2.09,73.3,994.92,2.82,238.0,1,0.15771512133227372,Pattern-Based Anomaly,Low
2017-01-03 11:00:00,2.26,73.0,994.9,2.7,228.3,1,0.16115674020385118,Pattern-Based Anomaly,Low
2017-01-03 11:10:00,2.4,72.7,994.81,2.74,224.0,1,0.16112480110198718,Pattern-Based Anomaly,Low
2017-01-03 11:20:00,2.46,72.9,994.77,2.36,231.9,1,0.16288850365039143,Pattern-Based Anomaly,Low
2017-01-03 11:30:00,2.54,72.7,994.65,2.76,231.6,1,0.15987113811694298,Pattern-Based Anomaly,Low
2017-01-03 11:40:00,2.53,72.8,994.59,3.47,239.8,1,0.16342335969512123,Pattern-Based Anomaly,Low
2017-01-03 11:50:00,2.53,73.1,994.48,3.25,231.9,1,0.15723228932242456,Pattern-Based Anomaly,Low
2017-01-03 12:00:00,2.5,73.7,994.42,2.37,230.5,1,0.16112867301724854,Pattern-Based Anomaly,Low
2017-01-03 12:10:00,2.41,74.2,994.36,3.57,237.5,1,0.16005529664482587,Pattern-Based Anomaly,Low
2017-01-03 12:20:00,2.4,74.4,994.22,3.16,227.8,1,0.16013480556129855,Pattern-Based Anomaly,Low
2017-01-03 12:30:00,2.45,74.7,994.13,2.3,237.7,1,0.1642538904342407,Pattern-Based Anomaly,Low
2017-01-03 12:40:00,2.52,74.7,994.0,2.17,247.9,1,0.15616549055378115,Pattern-Based Anomaly,Low
2017-01-03 12:50:00,2.42,75.3,993.89,3.14,235.1,1,0.1551437351830957,Pattern-Based Anomaly,Low
2017-01-03 13:00:00,2.43,75.6,993.72,2.6,231.6,1,0.15094135560738942,Pattern-Based Anomaly,Low
2017-01-03 13:10:00,2.36,76.1,993.48,3.81,229.8,1,0.11972533597327512,Pattern-Based Anomaly,Low
2017-01-03 13:20:00,2.15,78.7,993.33,2.38,230.7,1,0.11178162059403296,Pattern-Based Anomaly,Low
2017-01-03 13:30:00,2.09,80.4,993.24,2.37,224.2,1,0.12442775604154221,Pattern-Based Anomaly,Low
2017-01-03 13:40:00,2.07,80.9,993.28,2.22,219.9,1,0.14856778980235935,Pattern-Based Anomaly,Low
2017-01-03 13:50:00,2.08,81.0,993.18,1.33,228.7,1,0.15474954753853926,Pattern-Based Anomaly,Low
2017-01-03 14:00:00,2.08,80.7,993.03,1.93,222.0,1,0.15490946169636877,Pattern-Based Anomaly,Low
2017-01-03 14:10:00,2.15,80.3,992.86,1.61,230.3,1,0.1584545847596623,Pattern-Based Anomaly,Low
2017-01-03 14:20:00,2.18,80.1,992.68,1.38,225.3,1,0.1459365088485015,Pattern-Based Anomaly,Low
2017-01-03 14:30:00,2.13,79.5,992.56,1.93,231.2,1,0.15663415876868408,Pattern-Based Anomaly,Low
2017-01-03 14:40:00,2.13,79.0,992.48,2.46,228.2,1,0.15624945099414572,Pattern-Based Anomaly,Low
2017-01-03 14:50:00,1.9,81.0,992.4,2.78,232.8,1,0.1351842546854144,Pattern-Based Anomaly,Low
2017-01-03 15:00:00,1.68,83.5,992.42,2.03,224.6,1,0.13938779927000972,Pattern-Based Anomaly,Low
2017-01-03 15:10:00,1.66,83.6,992.33,2.19,233.3,1,0.16563223429718382,Pattern-Based Anomaly,Low
2017-01-03 15:20:00,1.65,83.3,992.19,2.36,232.9,1,0.15567467214213487,Pattern-Based Anomaly,Low
2017-01-03 15:30:00,1.71,82.2,992.13,2.82,226.3,1,0.1595954753286617,Pattern-Based Anomaly,Low
2017-01-03 15:40:00,1.73,81.5,992.03,3.72,217.7,1,0.1619062767071333,Pattern-Based Anomaly,Low
2017-01-03 15:50:00,1.75,80.8,991.86,3.4,217.4,1,0.14731470478322023,Pattern-Based Anomaly,Low
2017-01-03 16:00:00,1.83,79.4,991.81,2.93,228.6,1,0.15568635156364707,Pattern-Based Anomaly,Low
2017-01-03 16:10:00,1.91,78.6,991.67,2.28,226.6,1,0.14629011430340305,Pattern-Based Anomaly,Low
2017-01-03 16:20:00,1.97,78.2,991.65,1.9,237.3,1,0.16349300996825933,Pattern-Based Anomaly,Low
2017-01-03 16:30:00,2.0,78.1,991.64,2.48,225.3,1,0.1687531621723692,Pattern-Based Anomaly,Low
2017-01-03 16:40:00,2.0,78.3,991.39,3.05,222.5,1,0.13550233087880453,Pattern-Based Anomaly,Low
2017-01-03 16:50:00,1.95,78.2,991.41,2.92,225.3,1,0.16926045989418803,Pattern-Based Anomaly,Low
2017-01-03 17:00:00,1.93,78.0,991.42,2.3,227.9,1,0.1665542753159251,Pattern-Based Anomaly,Low
2017-01-03 17:10:00,1.93,77.6,991.23,2.6,216.8,1,0.1422190373113731,Pattern-Based Anomaly,Low
2017-01-03 17:20:00,1.89,76.9,991.09,2.18,212.8,1,0.15437346846939193,Pattern-Based Anomaly,Low
2017-01-03 17:30:00,1.81,77.1,991.04,1.29,212.1,1,0.16610230663976133,Pattern-Based Anomaly,Low
2017-01-03 17:40:00,1.71,76.7,990.86,1.67,223.7,1,0.14419011123555936,Pattern-Based Anomaly,Low
2017-01-03 17:50:00,1.62,76.0,990.76,2.29,225.0,1,0.15627712236209024,Pattern-Based Anomaly,Low
2017-01-03 18:00:00,1.56,76.1,990.63,2.36,221.1,1,0.1524425387629892,Pattern-Based Anomaly,Low
2017-01-03 18:10:00,1.53,76.3,990.5,1.54,222.7,1,0.15757964888863096,Pattern-Based Anomaly,Low
2017-01-03 18:20:00,1.48,76.7,990.22,2.57,231.7,1,0.11734317874300348,Pattern-Based Anomaly,Low
2017-01-03 18:30:00,1.47,76.7,990.1,2.07,218.7,1,0.14608961242927676,Pattern-Based Anomaly,Low
2017-01-03 18:40:00,1.55,76.0,989.99,2.43,222.1,1,0.14299422155242902,Pattern-Based Anomaly,Low
2017-01-03 18:50:00,1.59,75.9,989.95,2.29,218.1,1,0.15135174827348602,Pattern-Based Anomaly,Low
2017-01-03 19:00:00,1.59,76.0,989.78,2.1,221.6,1,0.14399978987679757,Pattern-Based Anomaly,Low
2017-01-03 19:10:00,1.63,75.6,989.69,2.58,218.7,1,0.1588478060721049,Pattern-Based Anomaly,Low
2017-01-03 19:20:00,1.73,75.0,989.62,2.0,217.0,1,0.16098490174380425,Pattern-Based Anomaly,Low
2017-01-03 19:30:00,1.8,74.7,989.4,1.86,203.9,1,0.12880904296447238,Pattern-Based Anomaly,Low
2017-01-03 19:40:00,1.9,74.4,989.28,1.51,217.5,1,0.1556429059585447,Pattern-Based Anomaly,Low
2017-01-03 19:50:00,1.93,75.0,989.05,2.85,222.4,1,0.11303698595973805,Pattern-Based Anomaly,Low
2017-01-03 20:00:00,1.93,75.6,988.92,3.31,222.7,1,0.13225405585041783,Pattern-Based Anomaly,Low
2017-01-03 20:10:00,1.79,77.8,988.81,1.58,214.3,1,0.11812171462132148,Pattern-Based Anomaly,Low
2017-01-03 20:20:00,1.53,80.9,988.59,3.44,211.7,1,0.06971175466998886,Pattern-Based Anomaly,Low
2017-01-03 20:30:00,1.31,83.0,988.39,2.89,216.2,1,0.05688049956231633,Pattern-Based Anomaly,Low
2017-01-03 20:40:00,1.34,82.8,988.25,2.44,223.4,1,0.09502994027832995,Pattern-Based Anomaly,Low
2017-01-03 20:50:00,1.43,82.1,988.01,3.79,214.2,1,0.07991856437347494,Pattern-Based Anomaly,Low
2017-01-03 21:00:00,1.57,81.3,987.87,2.32,224.7,1,0.11677619194725908,Pattern-Based Anomaly,Low
2017-01-03 21:10:00,1.64,80.8,987.7,1.44,278.4,1,0.1199101384724362,Pattern-Based Anomaly,Low
2017-01-03 21:20:00,1.8,79.6,987.6,1.17,258.1,1,0.12703645665126778,Pattern-Based Anomaly,Low
2017-01-03 21:30:00,1.95,78.2,987.45,1.45,206.4,1,0.12148414138625879,Pattern-Based Anomaly,Low
2017-01-03 21:40:00,2.12,76.6,987.29,1.28,251.7,1,0.10942304409441245,Pattern-Based Anomaly,Low
2017-01-03 21:50:00,2.28,75.0,987.19,2.19,222.9,1,0.1246666696782392,Pattern-Based Anomaly,Low
2017-01-03 22:00:00,2.39,74.4,986.95,2.22,226.9,1,0.0932448654406815,Pattern-Based Anomaly,Low
2017-01-03 22:10:00,2.46,74.2,986.76,2.16,230.1,1,0.10858368129477008,Pattern-Based Anomaly,Low
2017-01-03 22:20:00,2.47,74.6,986.6,1.81,228.0,1,0.11998169926198743,Pattern-Based Anomaly,Low
2017-01-03 22:30:00,2.44,74.9,986.4,1.84,231.6,1,0.11448106385285822,Pattern-Based Anomaly,Low
2017-01-03 22:40:00,2.38,75.2,986.16,2.55,228.3,1,0.098968389992656,Pattern-Based Anomaly,Low
2017-01-03 22:50:00,2.34,75.6,985.96,2.97,230.0,1,0.1042427744525159,Pattern-Based Anomaly,Low
2017-01-03 23:00:00,2.27,76.5,985.69,2.89,222.9,1,0.08393691147941895,Pattern-Based Anomaly,Low
2017-01-03 23:10:00,2.34,76.0,985.49,3.99,234.7,1,0.08522576114969782,Pattern-Based Anomaly,Low
2017-01-03 23:20:00,2.44,74.8,985.18,5.44,227.2,1,0.05004756940104005,Pattern-Based Anomaly,Low
2017-01-03 23:30:00,2.53,73.9,985.07,5.66,223.8,1,0.07639618790723302,Pattern-Based Anomaly,Low
2017-01-03 23:40:00,2.53,73.5,984.91,6.18,226.5,1,0.07313098623731723,Pattern-Based Anomaly,Low
2017-01-03 23:50:00,2.52,73.6,984.78,6.41,222.7,1,0.09043683389059615,Pattern-Based Anomaly,Low
2017-01-04 00:00:00,2.47,74.1,984.54,7.03,219.9,1,0.05259986690494722,Pattern-Based Anomaly,Low
2017-01-04 00:10:00,2.47,74.4,984.4,5.2,223.9,1,0.09028249201382615,Pattern-Based Anomaly,Low
2017-01-04 00:20:00,2.48,74.9,984.39,5.2,223.8,1,0.09729414617109428,Pattern-Based Anomaly,Low
2017-01-04 00:30:00,2.56,75.0,984.11,5.93,222.4,1,0.057880476945725845,Pattern-Based Anomaly,Low
2017-01-04 00:40:00,2.6,75.2,983.97,4.75,227.4,1,0.08963410027278379,Pattern-Based Anomaly,Low
2017-01-04 00:50:00,2.61,75.4,984.17,3.33,244.2,1,0.10924978953638081,Pattern-Based Anomaly,Low
2017-01-04 01:00:00,2.67,75.4,984.34,3.21,244.9,1,0.12094671307812638,Pattern-Based Anomaly,Low
2017-01-04 01:10:00,2.63,75.7,984.23,2.85,243.9,1,0.13433708287635898,Pattern-Based Anomaly,Low
2017-01-04 01:20:00,2.59,76.2,984.1,3.94,228.1,1,0.12549541275197695,Pattern-Based Anomaly,Low
2017-01-04 01:30:00,2.55,76.7,983.9,3.61,226.6,1,0.10521816444195897,Pattern-Based Anomaly,Low
2017-01-04 01:40:00,2.45,77.5,983.73,4.1,219.6,1,0.10861228352473645,Pattern-Based Anomaly,Low
2017-01-04 01:50:00,2.36,78.0,983.41,5.94,213.1,1,0.06059738633149547,Pattern-Based Anomaly,Low
2017-01-04 02:00:00,2.13,80.1,983.19,6.37,221.3,1,0.03908790477233681,Pattern-Based Anomaly,Low
2017-01-04 02:10:00,2.03,81.3,982.92,7.31,214.5,1,0.0343969758785968,Pattern-Based Anomaly,Low
2017-01-04 02:20:00,2.03,81.5,982.84,6.32,219.8,1,0.06889754443844615,Pattern-Based Anomaly,Low
2017-01-04 02:30:00,1.98,81.9,982.62,6.18,217.0,1,0.049543783012002685,Pattern-Based Anomaly,Low
2017-01-04 02:40:00,1.98,81.6,982.6,5.62,215.8,1,0.10976300730837185,Pattern-Based Anomaly,Low
2017-01-04 02:50:00,2.08,80.9,982.41,6.3,217.2,1,0.08965740002401329,Pattern-Based Anomaly,Low
2017-01-04 03:00:00,2.18,80.5,982.25,6.71,215.4,1,0.09716883130708265,Pattern-Based Anomaly,Low
2017-01-04 03:10:00,2.27,80.3,982.12,6.05,216.2,1,0.10341711699641987,Pattern-Based Anomaly,Low
2017-01-04 03:20:00,2.27,80.2,981.83,7.79,212.5,1,0.06418655423268205,Pattern-Based Anomaly,Low
2017-01-04 03:30:00,2.27,79.8,981.66,7.33,213.0,1,0.0840516345119578,Pattern-Based Anomaly,Low
2017-01-04 03:40:00,2.29,79.7,981.63,5.09,220.2,1,0.11114791152103015,Pattern-Based Anomaly,Low
2017-01-04 03:50:00,2.36,79.0,981.33,6.58,210.4,1,0.06853594813951619,Pattern-Based Anomaly,Low
2017-01-04 04:00:00,2.54,78.0,981.05,6.66,214.3,1,0.053916075397374974,Pattern-Based Anomaly,Low
2017-01-04 04:10:00,2.63,77.7,980.93,4.26,217.3,1,0.11776219398859489,Pattern-Based Anomaly,Low
2017-01-04 04:20:00,2.9,76.0,980.68,5.9,215.0,1,0.05402103283624071,Pattern-Based Anomaly,Low
2017-01-04 04:30:00,3.14,74.4,980.58,4.28,219.4,1,0.07912207508782393,Pattern-Based Anomaly,Low
2017-01-04 04:40:00,3.13,74.3,980.49,4.33,215.3,1,0.11131896153490267,Pattern-Based Anomaly,Low
2017-01-04 04:50:00,3.2,73.9,980.22,4.02,221.3,1,0.0905186350771986,Pattern-Based Anomaly,Low
2017-01-04 05:00:00,3.27,73.7,979.98,4.94,219.8,1,0.08575812062791277,Pattern-Based Anomaly,Low
2017-01-04 05:10:00,3.26,74.0,979.98,3.9,222.1,1,0.12956455100606934,Pattern-Based Anomaly,Low
2017-01-04 05:20:00,3.3,74.1,979.81,4.24,227.9,1,0.10139980301952206,Pattern-Based Anomaly,Low
2017-01-04 05:30:00,3.42,74.0,979.68,4.15,222.0,1,0.10764489592494664,Pattern-Based Anomaly,Low
2017-01-04 05:40:00,3.44,74.2,979.41,4.54,236.9,1,0.08998223667534222,Pattern-Based Anomaly,Low
2017-01-04 05:50:00,3.54,74.1,979.25,3.82,242.0,1,0.10260609434755091,Pattern-Based Anomaly,Low
2017-01-04 06:00:00,3.61,74.1,979.2,3.13,223.3,1,0.12517279761408817,Pattern-Based Anomaly,Low
2017-01-04 06:10:00,3.48,74.7,979.18,3.6,246.6,1,0.1180354306156482,Pattern-Based Anomaly,Low
2017-01-04 06:20:00,3.48,74.7,979.02,3.71,237.7,1,0.12113993759711583,Pattern-Based Anomaly,Low
2017-01-04 06:30:00,3.5,75.0,978.85,3.15,233.2,1,0.12533411216326729,Pattern-Based Anomaly,Low
2017-01-04 06:40:00,3.48,76.4,978.82,4.08,236.3,1,0.11709361962333453,Pattern-Based Anomaly,Low
2017-01-04 06:50:00,3.06,80.2,978.76,4.56,231.2,1,0.07347350321426505,Pattern-Based Anomaly,Low
2017-01-04 07:00:00,3.13,79.8,978.71,3.03,240.5,1,0.12705450000163648,Pattern-Based Anomaly,Low
2017-01-04 07:10:00,3.14,79.7,978.49,2.84,225.0,1,0.10703651927815033,Pattern-Based Anomaly,Low
2017-01-04 07:20:00,3.19,79.7,978.45,4.26,245.9,1,0.12210715990445342,Pattern-Based Anomaly,Low
2017-01-04 07:30:00,3.23,79.7,978.7,3.56,241.2,1,0.11101754911365624,Pattern-Based Anomaly,Low
2017-01-04 07:40:00,3.2,80.2,979.14,3.37,276.6,1,0.09899305915530715,Pattern-Based Anomaly,Low
2017-01-04 07:50:00,2.24,85.6,979.57,2.9,270.3,1,0.010511416110362326,Pattern-Based Anomaly,Low
2017-01-04 08:00:00,1.65,89.6,979.73,3.27,258.6,-1,-0.029250431292156764,Pattern-Based Anomaly,Low
2017-01-04 08:10:00,1.59,90.1,979.87,3.26,262.5,1,0.012738077482281285,Pattern-Based Anomaly,Low
2017-01-04 08:20:00,1.51,89.9,979.81,3.4,261.7,1,0.02277656321920818,Pattern-Based Anomaly,Low
2017-01-04 08:30:00,1.7,89.0,979.75,3.2,262.2,1,0.058614578351690705,Pattern-Based Anomaly,Low
2017-01-04 08:40:00,1.8,87.7,979.65,2.98,260.6,1,0.12332770221048656,Pattern-Based Anomaly,Low
2017-01-04 08:50:00,1.79,87.3,979.62,2.9,256.4,1,0.14192719931261155,Pattern-Based Anomaly,Low
2017-01-04 09:00:00,1.78,87.4,979.4,2.78,242.9,1,0.12262496972536358,Pattern-Based Anomaly,Low
2017-01-04 09:10:00,1.91,87.1,979.27,1.67,239.1,1,0.13592325451917092,Pattern-Based Anomaly,Low
2017-01-04 09:20:00,2.1,86.6,979.23,2.02,245.9,1,0.1425296605364723,Pattern-Based Anomaly,Low
2017-01-04 09:30:00,2.3,85.0,979.37,4.09,260.7,1,0.10879751410810395,Pattern-Based Anomaly,Low
2017-01-04 09:40:00,2.26,81.7,979.4,3.99,261.1,1,0.07852412610078102,Pattern-Based Anomaly,Low
2017-01-04 09:50:00,2.07,81.6,979.28,4.22,248.3,1,0.09273969717634223,Pattern-Based Anomaly,Low
2017-01-04 10:00:00,1.93,81.7,979.17,3.51,259.2,1,0.11090973952663552,Pattern-Based Anomaly,Low
2017-01-04 10:10:00,2.03,80.4,979.21,3.13,263.3,1,0.1240517673677935,Pattern-Based Anomaly,Low
2017-01-04 10:20:00,2.43,79.3,979.37,3.2,257.9,1,0.0994991373316021,Pattern-Based Anomaly,Low
2017-01-04 10:30:00,2.46,80.6,979.43,2.86,243.4,1,0.1356829506720192,Pattern-Based Anomaly,Low
2017-01-04 10:40:00,2.41,81.1,979.49,4.24,258.0,1,0.12817720586272724,Pattern-Based Anomaly,Low
2017-01-04 10:50:00,2.58,80.4,979.48,3.28,253.3,1,0.13622092645782757,Pattern-Based Anomaly,Low
2017-01-04 11:00:00,2.69,80.1,979.53,3.49,252.0,1,0.1371003930745685,Pattern-Based Anomaly,Low
2017-01-04 11:10:00,2.53,80.1,979.5,3.69,254.4,1,0.1345230295296041,Pattern-Based Anomaly,Low
2017-01-04 11:20:00,2.68,80.1,979.42,3.31,259.0,1,0.13579368081237647,Pattern-Based Anomaly,Low
2017-01-04 11:30:00,2.94,78.6,979.37,4.09,254.2,1,0.12062368979267091,Pattern-Based Anomaly,Low
2017-01-04 11:40:00,2.98,77.7,979.32,3.02,258.6,1,0.1445488995308148,Pattern-Based Anomaly,Low
2017-01-04 11:50:00,3.26,76.4,979.17,3.76,251.1,1,0.1112179242136857,Pattern-Based Anomaly,Low
2017-01-04 12:00:00,3.65,74.2,979.05,3.28,255.0,1,0.09674891400041769,Pattern-Based Anomaly,Low
2017-01-04 12:10:00,3.48,74.3,979.08,3.52,255.6,1,0.11489648052835744,Pattern-Based Anomaly,Low
2017-01-04 12:20:00,3.42,74.6,979.08,3.47,251.6,1,0.12550324229802512,Pattern-Based Anomaly,Low
2017-01-04 12:30:00,3.52,73.3,979.05,3.35,259.3,1,0.12501024859987053,Pattern-Based Anomaly,Low
2017-01-04 12:40:00,3.36,73.9,978.98,3.47,255.2,1,0.13036966250337906,Pattern-Based Anomaly,Low
2017-01-04 12:50:00,3.31,74.7,978.88,4.82,254.9,1,0.12140480652511004,Pattern-Based Anomaly,Low
2017-01-04 13:00:00,3.3,74.9,978.94,4.07,265.1,1,0.13673515655169555,Pattern-Based Anomaly,Low
2017-01-04 13:10:00,3.26,73.9,978.8,4.02,256.7,1,0.12388280769597926,Pattern-Based Anomaly,Low
2017-01-04 13:20:00,3.26,72.7,978.74,4.28,263.6,1,0.12581770907129358,Pattern-Based Anomaly,Low
2017-01-04 13:30:00,3.29,72.6,978.83,4.22,265.3,1,0.12558497326138818,Pattern-Based Anomaly,Low
2017-01-04 13:40:00,3.6,69.78,978.89,4.29,263.0,1,0.07504404429904588,Pattern-Based Anomaly,Low
2017-01-04 13:50:00,3.5,69.49,978.83,3.37,253.9,1,0.12074243307721355,Pattern-Based Anomaly,Low
2017-01-04 14:00:00,3.45,68.78,978.78,3.77,259.6,1,0.12537759800418602,Pattern-Based Anomaly,Low
2017-01-04 14:10:00,3.56,67.67,978.72,2.99,261.5,1,0.12509314611623673,Pattern-Based Anomaly,Low
2017-01-04 14:20:00,4.06,65.94,978.71,2.89,253.5,1,0.10163852287732483,Pattern-Based Anomaly,Low
2017-01-04 14:30:00,3.85,65.66,978.67,3.26,262.4,1,0.13065403006481585,Pattern-Based Anomaly,Low
2017-01-04 14:40:00,3.65,66.45,978.7,3.8,264.6,1,0.12315314162540175,Pattern-Based Anomaly,Low
2017-01-04 14:50:00,3.51,67.1,978.67,4.28,262.0,1,0.12683365773267635,Pattern-Based Anomaly,Low
2017-01-04 15:00:00,3.47,67.28,978.72,4.05,265.4,1,0.13246519258089667,Pattern-Based Anomaly,Low
2017-01-04 15:10:00,3.4,67.28,978.72,4.57,258.6,1,0.12481541177043481,Pattern-Based Anomaly,Low
2017-01-04 15:20:00,3.29,68.17,978.83,3.39,263.5,1,0.12214709459474271,Pattern-Based Anomaly,Low
2017-01-04 15:30:00,3.17,69.38,978.78,2.58,252.8,1,0.12695330064271704,Pattern-Based Anomaly,Low
2017-01-04 15:40:00,3.14,69.46,978.94,3.82,262.7,1,0.11643230060491117,Pattern-Based Anomaly,Low
2017-01-04 15:50:00,2.56,75.9,979.18,4.22,261.1,1,0.015610538151798359,Pattern-Based Anomaly,Low
2017-01-04 16:00:00,1.83,82.1,979.23,3.36,261.6,-1,-0.022878057689299403,Pattern-Based Anomaly,Low
2017-01-04 16:10:00,1.51,85.0,979.4,2.54,251.9,1,0.009996391009306271,Pattern-Based Anomaly,Low
2017-01-04 16:20:00,1.43,86.3,979.43,3.84,262.1,1,0.03336096520936738,Pattern-Based Anomaly,Low
2017-01-04 16:30:00,1.57,85.1,979.54,4.32,258.5,1,0.051613165868844235,Pattern-Based Anomaly,Low
2017-01-04 16:40:00,1.7,84.0,979.68,3.39,260.8,1,0.07318181270081914,Pattern-Based Anomaly,Low
2017-01-04 16:50:00,1.76,83.5,979.92,4.54,256.5,1,0.11508579426541538,Pattern-Based Anomaly,Low
2017-01-04 17:00:00,1.83,83.7,980.13,3.81,259.2,1,0.10778026242496574,Pattern-Based Anomaly,Low
2017-01-04 17:10:00,1.89,83.2,980.22,4.07,274.9,1,0.11539647248867324,Pattern-Based Anomaly,Low
2017-01-04 17:20:00,1.82,83.8,980.41,3.25,261.0,1,0.11151167415291907,Pattern-Based Anomaly,Low
2017-01-04 17:30:00,1.81,83.6,980.59,3.58,271.6,1,0.10195543765347054,Pattern-Based Anomaly,Low
2017-01-04 17:40:00,1.87,83.1,980.81,3.23,264.1,1,0.10637211465255225,Pattern-Based Anomaly,Low
2017-01-04 17:50:00,1.87,83.1,981.21,3.49,272.1,1,0.07567858930972521,Pattern-Based Anomaly,Low
2017-01-04 18:00:00,1.87,82.9,981.5,2.73,266.1,1,0.08165812148518947,Pattern-Based Anomaly,Low
2017-01-04 18:10:00,1.8,83.0,981.55,3.57,271.4,1,0.09516434060507489,Pattern-Based Anomaly,Low
2017-01-04 18:20:00,1.8,82.4,981.72,3.51,264.6,1,0.08961472878456228,Pattern-Based Anomaly,Low
2017-01-04 18:30:00,1.8,82.1,981.87,3.4,270.3,1,0.1006111566217614,Pattern-Based Anomaly,Low
2017-01-04 18:40:00,1.75,82.3,981.93,2.34,260.9,1,0.1379455734919519,Pattern-Based Anomaly,Low
2017-01-04 18:50:00,1.7,82.5,981.98,3.06,266.9,1,0.14469360775973295,Pattern-Based Anomaly,Low
2017-01-04 19:00:00,1.67,82.3,982.13,2.74,268.5,1,0.1253221193627635,Pattern-Based Anomaly,Low
2017-01-04 19:10:00,1.64,82.1,982.33,2.78,265.4,1,0.12269092698900319,Pattern-Based Anomaly,Low
2017-01-04 19:20:00,1.57,82.1,982.49,2.6,262.4,1,0.1232893382680399,Pattern-Based Anomaly,Low
2017-01-04 19:30:00,1.5,82.2,982.61,3.08,259.5,1,0.1219611681462342,Pattern-Based Anomaly,Low
2017-01-04 19:40:00,1.52,82.0,982.71,2.36,262.3,1,0.12355257994160135,Pattern-Based Anomaly,Low
2017-01-04 19:50:00,1.53,81.4,982.82,2.65,264.4,1,0.1367439372975009,Pattern-Based Anomaly,Low
2017-01-04 20:00:00,1.53,80.8,982.96,3.22,262.2,1,0.13218407953291267,Pattern-Based Anomaly,Low
2017-01-04 20:10:00,1.56,80.2,983.3,2.01,352.7,1,0.08442070641950011,Pattern-Based Anomaly,Low
2017-01-04 20:20:00,1.48,80.0,983.37,1.73,267.1,1,0.1289303670591011,Pattern-Based Anomaly,Low
2017-01-04 20:30:00,1.24,80.5,983.47,2.29,262.9,1,0.124919572753947,Pattern-Based Anomaly,Low
2017-01-04 20:40:00,1.08,81.0,983.6,2.07,260.0,1,0.12088882681809782,Pattern-Based Anomaly,Low
2017-01-04 20:50:00,0.95,81.6,983.69,2.41,256.1,1,0.13453399799024895,Pattern-Based Anomaly,Low
2017-01-04 21:00:00,0.87,81.9,983.81,2.62,255.3,1,0.1395238806538222,Pattern-Based Anomaly,Low
2017-01-04 21:10:00,0.84,81.8,983.93,2.54,256.3,1,0.14339896455969453,Pattern-Based Anomaly,Low
2017-01-04 21:20:00,0.79,82.1,984.03,2.49,263.1,1,0.14704253395103717,Pattern-Based Anomaly,Low
2017-01-04 21:30:00,0.73,82.1,984.13,2.15,259.9,1,0.1460309620017532,Pattern-Based Anomaly,Low
2017-01-04 21:40:00,0.8,81.7,984.26,2.69,263.3,1,0.1382052426139534,Pattern-Based Anomaly,Low
2017-01-04 21:50:00,0.99,81.1,984.34,1.95,282.3,1,0.13449371111566483,Pattern-Based Anomaly,Low
2017-01-04 22:00:00,1.09,80.4,984.52,2.52,277.7,1,0.12799568022092583,Pattern-Based Anomaly,Low
2017-01-04 22:10:00,1.13,80.1,984.63,2.02,276.4,1,0.14255278533238763,Pattern-Based Anomaly,Low
2017-01-04 22:20:00,1.08,78.9,984.71,1.82,279.4,1,0.13778849340937882,Pattern-Based Anomaly,Low
2017-01-04 22:30:00,1.06,78.1,984.88,1.78,279.5,1,0.12685765047157538,Pattern-Based Anomaly,Low
2017-01-04 22:40:00,0.93,77.7,985.14,2.49,290.0,1,0.09777149855892825,Pattern-Based Anomaly,Low
2017-01-04 22:50:00,0.76,77.5,985.37,2.37,294.0,1,0.09513421573452535,Pattern-Based Anomaly,Low
2017-01-04 23:00:00,0.61,75.0,985.52,1.54,247.0,1,0.08015679175698587,Pattern-Based Anomaly,Low
2017-01-04 23:10:00,0.52,67.99,985.66,1.48,134.4,1,0.019242282594602478,Pattern-Based Anomaly,Low
2017-01-04 23:20:00,0.43,61.85,985.85,1.78,295.6,-1,-0.013054452779751924,Pattern-Based Anomaly,Low
2017-01-04 23:30:00,0.25,62.72,986.14,1.09,272.5,1,0.014825612610915417,Pattern-Based Anomaly,Low
2017-01-04 23:40:00,0.04,65.65,986.29,1.68,318.4,-1,-0.006939129464733851,Pattern-Based Anomaly,Low
2017-01-04 23:50:00,-0.16,66.87,986.5,1.83,291.2,1,0.014165482796387407,Pattern-Based Anomaly,Low
2017-01-05 00:00:00,-0.22,59.55,986.66,2.04,6.69,-1,-0.01195887688221875,Pattern-Based Anomaly,Low
2017-01-05 00:10:00,-0.36,57.89,986.83,1.63,289.4,1,0.01665652481850277,Pattern-Based Anomaly,Low
2017-01-05 00:20:00,-0.57,56.7,986.95,1.83,351.1,1,0.00641204279530716,Pattern-Based Anomaly,Low
2017-01-05 00:30:00,-0.71,56.33,987.1,1.87,73.7,1,0.02065909384033826,Pattern-Based Anomaly,Low
2017-01-05 00:40:00,-0.73,56.27,987.37,1.48,299.1,1,0.028471002894414843,Pattern-Based Anomaly,Low
2017-01-05 00:50:00,-0.73,57.32,987.47,1.42,196.1,1,0.07591845023541477,Pattern-Based Anomaly,Low
2017-01-05 01:00:00,-0.77,58.67,987.56,1.42,250.2,1,0.08182719044645698,Pattern-Based Anomaly,Low
2017-01-05 01:10:00,-0.92,58.91,987.75,2.28,301.0,1,0.07068148966847271,Pattern-Based Anomaly,Low
2017-01-05 01:20:00,-1.05,59.68,987.78,1.26,269.8,1,0.089212680574347,Pattern-Based Anomaly,Low
2017-01-05 01:30:00,-1.14,60.12,987.85,1.94,284.9,1,0.08956553429867431,Pattern-Based Anomaly,Low
2017-01-05 01:40:00,-1.1,60.22,988.09,1.69,286.5,1,0.07607932102701737,Pattern-Based Anomaly,Low
2017-01-05 01:50:00,-1.08,61.05,988.36,1.85,319.7,1,0.06906370736072154,Pattern-Based Anomaly,Low
2017-01-05 02:00:00,-1.33,64.0,988.48,2.59,276.0,1,0.06959077687108384,Pattern-Based Anomaly,Low
2017-01-05 02:10:00,-1.35,63.74,988.58,1.56,275.5,1,0.08691831517941156,Pattern-Based Anomaly,Low
2017-01-05 02:20:00,-1.37,64.26,988.73,2.65,302.9,1,0.07361662623169418,Pattern-Based Anomaly,Low
2017-01-05 02:30:00,-1.58,68.15,988.92,2.13,272.7,1,0.05146339675106226,Pattern-Based Anomaly,Low
2017-01-05 02:40:00,-1.79,70.7,989.09,2.07,294.7,1,0.04718000255963195,Pattern-Based Anomaly,Low
2017-01-05 02:50:00,-1.87,71.5,989.26,1.85,281.4,1,0.06477823812878514,Pattern-Based Anomaly,Low
2017-01-05 03:00:00,-1.79,70.7,989.38,2.27,279.8,1,0.06556633272627999,Pattern-Based Anomaly,Low
2017-01-05 03:10:00,-1.7,70.4,989.52,1.94,273.8,1,0.08428855699176002,Pattern-Based Anomaly,Low
2017-01-05 03:20:00,-1.8,71.8,989.7,2.13,273.0,1,0.08916762767900316,Pattern-Based Anomaly,Low
2017-01-05 03:30:00,-1.76,71.3,989.9,2.18,255.0,1,0.10208552227332796,Pattern-Based Anomaly,Low
2017-01-05 03:40:00,-1.73,72.0,990.2,1.92,268.4,1,0.08114120647039669,Pattern-Based Anomaly,Low
2017-01-05 03:50:00,-1.83,74.3,990.43,2.22,271.6,1,0.057103265002253045,Pattern-Based Anomaly,Low
2017-01-05 04:00:00,-1.98,76.0,990.53,1.92,278.0,1,0.07028954897143691,Pattern-Based Anomaly,Low
2017-01-05 04:10:00,-2.07,77.3,990.66,2.1,248.8,1,0.07687167257392541,Pattern-Based Anomaly,Low
2017-01-05 04:20:00,-2.07,78.1,990.83,1.61,267.3,1,0.08465257734050968,Pattern-Based Anomaly,Low
2017-01-05 04:30:00,-2.12,78.5,991.03,2.01,269.3,1,0.09262781932831421,Pattern-Based Anomaly,Low
2017-01-05 04:40:00,-2.18,78.9,991.25,1.91,253.2,1,0.09992088556901169,Pattern-Based Anomaly,Low
2017-01-05 04:50:00,-2.18,79.0,991.55,1.51,259.9,1,0.08666201734880219,Pattern-Based Anomaly,Low
2017-01-05 05:00:00,-2.14,78.7,991.82,1.65,270.0,1,0.07480083963901629,Pattern-Based Anomaly,Low
2017-01-05 05:10:00,-2.11,78.1,992.03,2.09,275.9,1,0.07764671077608165,Pattern-Based Anomaly,Low
2017-01-05 05:20:00,-2.07,77.7,992.17,1.82,264.6,1,0.08650103608822579,Pattern-Based Anomaly,Low
2017-01-05 05:30:00,-2.11,77.7,992.27,2.13,268.9,1,0.10368622854986592,Pattern-Based Anomaly,Low
2017-01-05 05:40:00,-2.23,79.5,992.37,2.33,260.1,1,0.10369518755989177,Pattern-Based Anomaly,Low
2017-01-05 05:50:00,-2.32,81.0,992.46,2.34,265.0,1,0.11845043780634096,Pattern-Based Anomaly,Low
2017-01-05 06:00:00,-2.38,81.7,992.6,2.11,260.8,1,0.11553724271422294,Pattern-Based Anomaly,Low
2017-01-05 06:10:00,-2.35,81.4,992.83,2.11,281.6,1,0.11179059844247696,Pattern-Based Anomaly,Low
2017-01-05 06:20:00,-2.44,82.4,993.08,2.26,272.7,1,0.09224555505864196,Pattern-Based Anomaly,Low
2017-01-05 06:30:00,-2.66,85.5,993.27,1.9,261.4,1,0.07792031209659367,Pattern-Based Anomaly,Low
2017-01-05 06:40:00,-2.78,87.8,993.38,1.86,267.2,1,0.06851751350155372,Pattern-Based Anomaly,Low
2017-01-05 06:50:00,-2.74,88.1,993.49,2.35,270.7,1,0.08890775481911484,Pattern-Based Anomaly,Low
2017-01-05 07:00:00,-2.72,88.1,993.71,2.09,268.4,1,0.0875566046934313,Pattern-Based Anomaly,Low
2017-01-05 07:10:00,-2.73,87.9,993.81,2.4,275.5,1,0.11634743277102477,Pattern-Based Anomaly,Low
2017-01-05 07:20:00,-2.73,87.2,993.95,2.55,270.3,1,0.11477604050586104,Pattern-Based Anomaly,Low
2017-01-05 07:30:00,-2.79,87.4,994.18,2.45,262.9,1,0.09749234689384623,Pattern-Based Anomaly,Low
2017-01-05 07:40:00,-2.96,89.6,994.37,2.13,264.1,1,0.08345191704101351,Pattern-Based Anomaly,Low
2017-01-05 07:50:00,-2.99,90.5,994.54,1.73,270.1,1,0.10045472933095917,Pattern-Based Anomaly,Low
2017-01-05 08:00:00,-2.96,90.3,994.65,2.19,268.9,1,0.11619309047232024,Pattern-Based Anomaly,Low
2017-01-05 08:10:00,-3.02,90.7,994.96,2.28,268.9,1,0.08108234644331946,Pattern-Based Anomaly,Low
2017-01-05 08:20:00,-2.93,90.3,995.21,2.78,250.8,1,0.0820879663188413,Pattern-Based Anomaly,Low
2017-01-05 08:30:00,-2.81,88.6,995.61,3.01,335.7,1,0.029803000545987612,Pattern-Based Anomaly,Low
2017-01-05 08:40:00,-2.93,88.3,995.92,3.3,20.45,1,0.026617849639449687,Pattern-Based Anomaly,Low
2017-01-05 08:50:00,-2.94,88.7,996.14,2.02,354.5,1,0.04849443999894032,Pattern-Based Anomaly,Low
2017-01-05 09:00:00,-2.87,87.7,996.42,2.57,16.82,1,0.02163676907153822,Pattern-Based Anomaly,Low
2017-01-05 09:10:00,-2.83,87.4,996.6,3.47,20.1,1,0.04996045130424365,Pattern-Based Anomaly,Low
2017-01-05 09:20:00,-2.77,87.4,996.81,3.03,21.81,1,0.06397015800426287,Pattern-Based Anomaly,Low
2017-01-05 09:30:00,-2.5,86.0,997.0,1.55,343.6,1,0.060652723222654026,Pattern-Based Anomaly,Low
2017-01-05 09:40:00,-2.47,83.7,997.19,1.92,30.49,1,0.06272579762617503,Pattern-Based Anomaly,Low
2017-01-05 09:50:00,-2.56,83.8,997.38,2.32,23.26,1,0.08106066275922003,Pattern-Based Anomaly,Low
2017-01-05 10:00:00,-2.63,85.9,997.57,1.94,30.71,1,0.07653397707656528,Pattern-Based Anomaly,Low
2017-01-05 10:10:00,-2.73,86.0,997.79,2.77,20.4,1,0.07727938184236516,Pattern-Based Anomaly,Low
2017-01-05 10:20:00,-2.76,84.8,997.94,2.96,19.77,1,0.07415419738545503,Pattern-Based Anomaly,Low
2017-01-05 10:30:00,-2.86,85.3,998.15,2.72,20.7,1,0.08492322670733105,Pattern-Based Anomaly,Low
2017-01-05 10:40:00,-2.79,84.6,998.39,2.86,18.01,1,0.06832090027916299,Pattern-Based Anomaly,Low
2017-01-05 10:50:00,-2.61,81.9,998.61,3.76,18.88,1,0.028873908650568048,Pattern-Based Anomaly,Low
2017-01-05 11:00:00,-2.53,80.6,998.83,4.12,25.0,1,0.03842136035050614,Pattern-Based Anomaly,Low
2017-01-05 11:10:00,-2.53,79.2,998.97,3.84,21.49,1,0.0377902347519925,Pattern-Based Anomaly,Low
2017-01-05 11:20:00,-2.53,79.5,998.98,3.79,22.03,1,0.08543591295574565,Pattern-Based Anomaly,Low
2017-01-05 11:30:00,-2.53,79.5,999.06,4.23,23.85,1,0.10620233340677171,Pattern-Based Anomaly,Low
2017-01-05 11:40:00,-2.49,78.9,999.2,4.04,20.66,1,0.09809551473492478,Pattern-Based Anomaly,Low
2017-01-05 11:50:00,-2.57,79.8,999.43,3.1,18.19,1,0.0959421900126951,Pattern-Based Anomaly,Low
2017-01-05 12:00:00,-2.68,79.9,999.65,3.32,14.1,1,0.0850820210430232,Pattern-Based Anomaly,Low
2017-01-05 12:10:00,-2.79,79.5,999.76,3.55,16.23,1,0.08622647297294295,Pattern-Based Anomaly,Low
2017-01-05 12:20:00,-2.78,79.2,999.82,2.92,10.92,1,0.10200318533552488,Pattern-Based Anomaly,Low
2017-01-05 12:30:00,-2.73,78.1,999.85,3.1,21.21,1,0.10468660324480317,Pattern-Based Anomaly,Low
2017-01-05 12:40:00,-2.79,77.2,999.97,4.25,20.34,1,0.0972025017192214,Pattern-Based Anomaly,Low
2017-01-05 12:50:00,-2.75,76.4,1000.09,3.99,24.98,1,0.10075672278937964,Pattern-Based Anomaly,Low
2017-01-05 13:00:00,-3.05,80.7,1000.2,3.95,23.89,1,0.06701440962621308,Pattern-Based Anomaly,Low
2017-01-05 13:10:00,-3.31,83.4,1000.3,3.9,20.54,1,0.06481877017525794,Pattern-Based Anomaly,Low
2017-01-05 13:20:00,-3.12,82.0,1000.43,4.14,22.37,1,0.06694974845522711,Pattern-Based Anomaly,Low
2017-01-05 13:30:00,-3.01,80.1,1000.49,5.63,23.84,1,0.06939581060527145,Pattern-Based Anomaly,Low
2017-01-05 13:40:00,-3.0,78.4,1000.66,4.76,21.77,1,0.06723186635620909,Pattern-Based Anomaly,Low
2017-01-05 13:50:00,-3.0,77.5,1000.75,4.32,23.33,1,0.09307857867262131,Pattern-Based Anomaly,Low
2017-01-05 14:00:00,-3.05,77.6,1000.9,4.89,23.25,1,0.0803959389538843,Pattern-Based Anomaly,Low
2017-01-05 14:10:00,-3.12,76.2,1001.01,4.7,25.33,1,0.08371850857606672,Pattern-Based Anomaly,Low
2017-01-05 14:20:00,-3.19,75.6,1001.18,4.94,25.12,1,0.08483036880878675,Pattern-Based Anomaly,Low
2017-01-05 14:30:00,-3.11,75.3,1001.34,4.01,23.86,1,0.08632632173755134,Pattern-Based Anomaly,Low
2017-01-05 14:40:00,-3.46,80.0,1001.61,4.69,27.26,1,0.024562289327220932,Pattern-Based Anomaly,Low
2017-01-05 14:50:00,-4.0,86.9,1001.86,3.12,20.37,-1,-0.033894028592986625,Pattern-Based Anomaly,Low
2017-01-05 15:00:00,-3.77,84.7,1002.11,3.65,21.57,-1,-0.0070685117997179026,Pattern-Based Anomaly,Low
2017-01-05 15:10:00,-3.71,83.1,1002.29,3.74,20.59,1,0.005035451931097112,Pattern-Based Anomaly,Low
2017-01-05 15:20:00,-3.65,81.1,1002.39,3.49,21.77,1,0.015279396737646334,Pattern-Based Anomaly,Low
2017-01-05 15:30:00,-3.69,81.2,1002.63,3.51,19.66,1,0.05457723104646428,Pattern-Based Anomaly,Low
2017-01-05 15:40:00,-3.81,80.3,1002.86,4.22,24.11,1,0.04368538033366187,Pattern-Based Anomaly,Low
2017-01-05 15:50:00,-3.9,79.4,1003.13,3.6,24.73,1,0.04777616087966696,Pattern-Based Anomaly,Low
2017-01-05 16:00:00,-3.95,79.5,1003.39,2.88,19.49,1,0.052016349832095576,Pattern-Based Anomaly,Low
2017-01-05 16:10:00,-4.0,79.6,1003.59,1.98,15.22,1,0.06453652938907128,Pattern-Based Anomaly,Low
2017-01-05 16:20:00,-4.1,78.5,1003.84,2.1,23.0,1,0.046394861020127576,Pattern-Based Anomaly,Low
2017-01-05 16:30:00,-4.17,77.2,1003.99,1.62,20.72,1,0.04770588540558718,Pattern-Based Anomaly,Low
2017-01-05 16:40:00,-4.2,75.5,1004.12,1.48,19.32,1,0.04596530537344212,Pattern-Based Anomaly,Low
2017-01-05 16:50:00,-4.34,74.4,1004.33,2.02,15.6,1,0.03900758616951305,Pattern-Based Anomaly,Low
2017-01-05 17:00:00,-4.52,74.7,1004.5,1.55,0.84,1,0.04907993004729605,Pattern-Based Anomaly,Low
2017-01-05 17:10:00,-4.64,74.7,1004.71,1.32,129.7,1,0.06667481057123292,Pattern-Based Anomaly,Low
2017-01-05 17:20:00,-4.7,74.6,1004.87,1.08,259.0,1,0.07236451287710122,Pattern-Based Anomaly,Low
2017-01-05 17:30:00,-4.82,74.8,1004.98,1.09,196.9,1,0.0814691096667593,Pattern-Based Anomaly,Low
2017-01-05 17:40:00,-4.98,75.2,1005.2,1.34,198.0,1,0.06932305698016217,Pattern-Based Anomaly,Low
2017-01-05 17:50:00,-4.91,75.1,1005.37,1.15,207.8,1,0.07863957546520889,Pattern-Based Anomaly,Low
2017-01-05 18:00:00,-4.86,74.2,1005.39,1.38,196.4,1,0.09226759587985672,Pattern-Based Anomaly,Low
2017-01-05 18:10:00,-4.98,74.5,1005.57,1.45,236.9,1,0.08043879977249901,Pattern-Based Anomaly,Low
2017-01-05 18:20:00,-5.13,76.7,1005.72,1.42,195.6,1,0.06479203881173101,Pattern-Based Anomaly,Low
2017-01-05 18:30:00,-5.31,79.0,1005.87,1.35,177.3,1,0.05594687615590299,Pattern-Based Anomaly,Low
2017-01-05 18:40:00,-5.48,80.0,1005.94,1.16,208.2,1,0.07392651965268182,Pattern-Based Anomaly,Low
2017-01-05 18:50:00,-5.61,80.6,1006.05,1.49,224.6,1,0.06884278206562033,Pattern-Based Anomaly,Low
2017-01-05 19:00:00,-5.79,81.1,1006.15,1.45,206.3,1,0.07309226086222176,Pattern-Based Anomaly,Low
2017-01-05 19:10:00,-5.97,82.0,1006.24,1.26,202.4,1,0.08008535252604615,Pattern-Based Anomaly,Low
2017-01-05 19:20:00,-6.01,82.5,1006.35,1.25,183.7,1,0.0996701489370701,Pattern-Based Anomaly,Low
2017-01-05 19:30:00,-6.13,82.6,1006.41,1.25,198.5,1,0.10196656613749966,Pattern-Based Anomaly,Low
2017-01-05 19:40:00,-6.33,83.3,1006.61,1.14,204.6,1,0.07707673514192209,Pattern-Based Anomaly,Low
2017-01-05 19:50:00,-6.35,83.6,1006.84,1.35,188.4,1,0.08678496202628438,Pattern-Based Anomaly,Low
2017-01-05 20:00:00,-6.39,83.7,1006.99,0.85,169.7,1,0.07793189022088648,Pattern-Based Anomaly,Low
2017-01-05 20:10:00,-6.43,83.7,1007.17,1.2,210.4,1,0.08046952540475966,Pattern-Based Anomaly,Low
2017-01-05 20:20:00,-6.42,84.2,1007.43,0.95,185.4,1,0.054610964621848224,Pattern-Based Anomaly,Low
2017-01-05 20:30:00,-6.28,83.6,1007.55,0.76,188.9,1,0.07033332609948406,Pattern-Based Anomaly,Low
2017-01-05 20:40:00,-6.23,82.5,1007.73,1.03,88.5,1,0.05294015255459428,Pattern-Based Anomaly,Low
2017-01-05 20:50:00,-6.13,81.3,1007.87,0.75,179.5,1,0.06774668442789139,Pattern-Based Anomaly,Low
2017-01-05 21:00:00,-6.04,80.5,1008.02,0.66,163.5,1,0.06803188026760576,Pattern-Based Anomaly,Low
2017-01-05 21:10:00,-6.17,78.9,1008.11,1.98,9.44,1,0.038905259170827655,Pattern-Based Anomaly,Low
2017-01-05 21:20:00,-6.36,78.4,1008.22,1.93,5.71,1,0.05027980775516594,Pattern-Based Anomaly,Low
2017-01-05 21:30:00,-6.41,78.5,1008.37,1.1,354.6,1,0.04799797829252017,Pattern-Based Anomaly,Low
2017-01-05 21:40:00,-6.39,77.7,1008.5,1.0,12.33,1,0.06539851208628755,Pattern-Based Anomaly,Low
2017-01-05 21:50:00,-6.43,76.6,1008.64,1.87,8.54,1,0.05915339874950942,Pattern-Based Anomaly,Low
2017-01-05 22:00:00,-6.42,76.3,1008.73,1.26,321.6,1,0.059471562330410954,Pattern-Based Anomaly,Low
2017-01-05 22:10:00,-6.47,76.4,1008.9,1.45,13.1,1,0.06122942656107311,Pattern-Based Anomaly,Low
2017-01-05 22:20:00,-6.41,76.5,1009.1,0.84,155.0,1,0.060393358048523194,Pattern-Based Anomaly,Low
2017-01-05 22:30:00,-6.56,76.0,1009.3,1.67,7.96,1,0.03920846401012401,Pattern-Based Anomaly,Low
2017-01-05 22:40:00,-6.62,76.3,1009.41,1.16,19.9,1,0.05146709657342308,Pattern-Based Anomaly,Low
2017-01-05 22:50:00,-6.59,75.9,1009.51,1.37,17.46,1,0.05294325058698468,Pattern-Based Anomaly,Low
2017-01-05 23:00:00,-6.63,76.0,1009.6,1.29,8.41,1,0.052053807275996955,Pattern-Based Anomaly,Low
2017-01-05 23:10:00,-6.66,76.0,1009.73,2.14,28.31,1,0.05675226889728191,Pattern-Based Anomaly,Low
2017-01-05 23:20:00,-6.74,75.9,1009.82,2.43,31.82,1,0.05519048411178029,Pattern-Based Anomaly,Low
2017-01-05 23:30:00,-6.8,75.8,1009.88,2.73,26.17,1,0.06299707714625635,Pattern-Based Anomaly,Low
2017-01-05 23:40:00,-6.85,76.0,1010.05,2.97,27.02,1,0.04837218075056493,Pattern-Based Anomaly,Low
2017-01-05 23:50:00,-6.86,76.0,1010.16,2.88,23.68,1,0.05629161473302691,Pattern-Based Anomaly,Low
2017-01-06 00:00:00,-6.95,75.5,1010.25,3.08,25.6,1,0.031294257694754024,Pattern-Based Anomaly,Low
2017-01-06 00:10:00,-7.05,76.3,1010.42,0.93,356.8,1,0.011703207534892623,Pattern-Based Anomaly,Low
2017-01-06 00:20:00,-7.19,75.6,1010.49,1.43,15.3,1,0.03150353083880131,Pattern-Based Anomaly,Low
2017-01-06 00:30:00,-7.34,75.4,1010.36,2.54,22.03,1,0.03294710337762485,Pattern-Based Anomaly,Low
2017-01-06 00:40:00,-7.54,76.5,1010.44,1.14,350.0,1,0.02841525727043348,Pattern-Based Anomaly,Low
2017-01-06 00:50:00,-7.73,77.2,1010.59,0.98,287.5,1,0.03446816047769641,Pattern-Based Anomaly,Low
2017-01-06 01:00:00,-7.82,77.2,1010.51,0.69,40.74,1,0.05648359287167726,Pattern-Based Anomaly,Low
2017-01-06 01:10:00,-8.04,77.3,1010.5,0.98,27.98,1,0.059222162351846186,Pattern-Based Anomaly,Low
2017-01-06 01:20:00,-8.17,78.0,1010.5,0.49,8.94,1,0.04329452371085696,Pattern-Based Anomaly,Low
2017-01-06 01:30:00,-8.38,78.4,1010.48,0.43,243.5,1,0.0643803178839466,Pattern-Based Anomaly,Low
2017-01-06 01:40:00,-8.57,78.9,1010.52,1.17,227.4,1,0.07090751453037852,Pattern-Based Anomaly,Low
2017-01-06 01:50:00,-8.74,79.2,1010.64,2.39,244.7,1,0.06558073372145334,Pattern-Based Anomaly,Low
2017-01-06 02:00:00,-9.02,80.3,1010.81,2.34,241.7,1,0.04947288782231829,Pattern-Based Anomaly,Low
2017-01-06 02:10:00,-9.18,80.8,1010.81,1.7,237.5,1,0.06472374398331204,Pattern-Based Anomaly,Low
2017-01-06 02:20:00,-9.27,81.0,1010.99,2.28,258.2,1,0.04699532901591241,Pattern-Based Anomaly,Low
2017-01-06 02:30:00,-9.17,80.6,1011.08,1.97,255.9,1,0.06253733037836362,Pattern-Based Anomaly,Low
2017-01-06 02:40:00,-9.16,80.2,1011.13,1.37,261.4,1,0.06668559558480869,Pattern-Based Anomaly,Low
2017-01-06 02:50:00,-9.08,79.6,1011.27,1.22,267.4,1,0.05634225637185297,Pattern-Based Anomaly,Low
2017-01-06 03:00:00,-9.34,80.0,1011.35,1.42,248.2,1,0.05675582733709872,Pattern-Based Anomaly,Low
2017-01-06 03:10:00,-9.45,80.2,1011.4,1.23,238.9,1,0.06595567234821309,Pattern-Based Anomaly,Low
2017-01-06 03:20:00,-9.79,81.1,1011.41,0.68,220.8,1,0.05405208540378348,Pattern-Based Anomaly,Low
2017-01-06 03:30:00,-9.86,82.4,1011.4,0.87,154.2,1,0.05833735643994076,Pattern-Based Anomaly,Low
2017-01-06 03:40:00,-9.8,82.3,1011.46,0.78,169.5,1,0.07209424458618102,Pattern-Based Anomaly,Low
2017-01-06 03:50:00,-9.95,82.4,1011.4,0.46,70.0,1,0.05794342370238914,Pattern-Based Anomaly,Low
2017-01-06 04:00:00,-9.8,83.1,1011.44,0.46,120.1,1,0.061697377056042724,Pattern-Based Anomaly,Low
2017-01-06 04:10:00,-9.93,82.4,1011.54,0.68,150.7,1,0.065414288998354,Pattern-Based Anomaly,Low
2017-01-06 04:20:00,-9.95,82.8,1011.62,1.03,118.7,1,0.07977550326241684,Pattern-Based Anomaly,Low
2017-01-06 04:30:00,-10.1,82.8,1011.69,0.49,148.2,1,0.06709128136976228,Pattern-Based Anomaly,Low
2017-01-06 04:40:00,-10.05,83.4,1011.73,0.37,215.8,1,0.06884400559435505,Pattern-Based Anomaly,Low
2017-01-06 04:50:00,-9.97,82.3,1011.7,0.69,199.9,1,0.07128809104288314,Pattern-Based Anomaly,Low
2017-01-06 05:00:00,-9.9,82.7,1011.78,0.72,107.8,1,0.07550817978656149,Pattern-Based Anomaly,Low
2017-01-06 05:10:00,-9.77,82.9,1011.87,0.95,107.7,1,0.07801344290615037,Pattern-Based Anomaly,Low
2017-01-06 05:20:00,-9.6,82.7,1011.94,0.55,103.9,1,0.07330827541543344,Pattern-Based Anomaly,Low
2017-01-06 05:30:00,-9.41,81.3,1012.0,0.54,153.7,1,0.06394738625201324,Pattern-Based Anomaly,Low
2017-01-06 05:40:00,-9.54,81.2,1012.12,0.79,153.7,1,0.05829378810355512,Pattern-Based Anomaly,Low
2017-01-06 05:50:00,-9.48,81.5,1012.22,0.6,164.3,1,0.06733836077672245,Pattern-Based Anomaly,Low
2017-01-06 06:00:00,-9.43,82.1,1012.3,0.34,105.1,1,0.05475977898201689,Pattern-Based Anomaly,Low
2017-01-06 06:10:00,-9.34,82.4,1012.32,0.36,111.3,1,0.06579719748295787,Pattern-Based Anomaly,Low
2017-01-06 06:20:00,-9.33,81.8,1012.31,0.77,162.8,1,0.08026169127439714,Pattern-Based Anomaly,Low
2017-01-06 06:30:00,-9.32,81.4,1012.34,0.44,111.3,1,0.07447013545393927,Pattern-Based Anomaly,Low
2017-01-06 06:40:00,-9.41,81.0,1012.47,0.79,124.9,1,0.06167601885301677,Pattern-Based Anomaly,Low
2017-01-06 06:50:00,-9.54,81.1,1012.6,0.65,103.9,1,0.05829735091885235,Pattern-Based Anomaly,Low
2017-01-06 07:00:00,-9.47,80.1,1012.66,0.54,201.9,1,0.0716284046684258,Pattern-Based Anomaly,Low
2017-01-06 07:10:00,-9.5,78.9,1012.7,1.09,290.5,1,0.0604321366597359,Pattern-Based Anomaly,Low
2017-01-06 07:20:00,-9.48,77.7,1012.8,0.7,329.7,1,0.04617794672075448,Pattern-Based Anomaly,Low
2017-01-06 07:30:00,-9.45,77.6,1012.87,0.45,323.2,1,0.052789097248534755,Pattern-Based Anomaly,Low
2017-01-06 07:40:00,-9.86,78.7,1013.04,1.07,256.0,1,0.035335119268011694,Pattern-Based Anomaly,Low
2017-01-06 07:50:00,-9.9,79.3,1013.22,1.27,246.5,1,0.05745051923326283,Pattern-Based Anomaly,Low
2017-01-06 08:00:00,-9.87,79.3,1013.38,0.99,240.0,1,0.06149745956537256,Pattern-Based Anomaly,Low
2017-01-06 08:10:00,-9.78,79.2,1013.43,0.85,244.1,1,0.07044365747947123,Pattern-Based Anomaly,Low
2017-01-06 08:20:00,-9.58,79.1,1013.46,0.44,221.0,1,0.0670313361569132,Pattern-Based Anomaly,Low
2017-01-06 08:30:00,-9.32,78.6,1013.57,0.42,169.0,1,0.059945160225531424,Pattern-Based Anomaly,Low
2017-01-06 08:40:00,-9.39,79.6,1013.63,0.53,193.5,1,0.0675158829447271,Pattern-Based Anomaly,Low
2017-01-06 08:50:00,-9.57,80.1,1013.68,0.55,209.7,1,0.07394048753096566,Pattern-Based Anomaly,Low
2017-01-06 09:00:00,-9.78,81.0,1013.72,0.57,229.9,1,0.07198104121400328,Pattern-Based Anomaly,Low
2017-01-06 09:10:00,-9.75,81.0,1013.75,0.69,216.2,1,0.08440271208341149,Pattern-Based Anomaly,Low
2017-01-06 09:20:00,-9.77,81.0,1013.78,0.51,215.6,1,0.0821869188561764,Pattern-Based Anomaly,Low
2017-01-06 09:30:00,-9.65,81.1,1013.81,0.59,247.5,1,0.08033826091090063,Pattern-Based Anomaly,Low
2017-01-06 09:40:00,-8.6,79.5,1013.83,0.19,34.53,1,0.00046282032936983963,Pattern-Based Anomaly,Low
2017-01-06 09:50:00,-8.33,75.6,1013.78,0.66,216.4,1,0.0034520873064185498,Pattern-Based Anomaly,Low
2017-01-06 10:00:00,-8.3,76.5,1013.74,0.48,236.5,1,0.03408576433224453,Pattern-Based Anomaly,Low
2017-01-06 10:10:00,-7.68,73.8,1013.76,0.62,215.0,-1,-0.007860476751847645,Pattern-Based Anomaly,Low
2017-01-06 10:20:00,-7.84,73.9,1013.82,0.39,5.71,1,0.010297417078454552,Pattern-Based Anomaly,Low
2017-01-06 10:30:00,-7.24,73.3,1013.85,0.74,121.3,1,0.03145252890134931,Pattern-Based Anomaly,Low
2017-01-06 10:40:00,-7.09,70.5,1013.94,1.25,148.8,1,0.02948229661026691,Pattern-Based Anomaly,Low
2017-01-06 10:50:00,-6.8,71.0,1013.89,0.62,149.8,1,0.05221854734218678,Pattern-Based Anomaly,Low
2017-01-06 11:00:00,-6.55,70.5,1013.79,0.76,168.9,1,0.05720343077774248,Pattern-Based Anomaly,Low
2017-01-06 11:10:00,-6.22,69.3,1013.71,1.0,183.2,1,0.060483501470627865,Pattern-Based Anomaly,Low
2017-01-06 11:20:00,-6.66,70.5,1013.67,1.27,191.2,1,0.06130977487203193,Pattern-Based Anomaly,Low
2017-01-06 11:30:00,-6.49,69.15,1013.6,1.54,157.9,1,0.07387185525680684,Pattern-Based Anomaly,Low
2017-01-06 11:40:00,-6.39,67.75,1013.59,1.39,186.1,1,0.0810907548186246,Pattern-Based Anomaly,Low
2017-01-06 11:50:00,-6.19,66.45,1013.56,1.1,176.7,1,0.07392125422074614,Pattern-Based Anomaly,Low
2017-01-06 12:00:00,-6.02,66.06,1013.47,1.51,171.5,1,0.07678347122273715,Pattern-Based Anomaly,Low
2017-01-06 12:10:00,-5.69,65.38,1013.46,1.04,144.8,1,0.07106311574793561,Pattern-Based Anomaly,Low
2017-01-06 12:20:00,-5.58,65.32,1013.39,1.38,177.2,1,0.0885704110448643,Pattern-Based Anomaly,Low
2017-01-06 12:30:00,-5.43,64.35,1013.3,1.49,210.6,1,0.089664905043778,Pattern-Based Anomaly,Low
2017-01-06 12:40:00,-5.06,63.51,1013.31,0.97,188.7,1,0.08753386695258647,Pattern-Based Anomaly,Low
2017-01-06 12:50:00,-4.89,61.25,1013.25,1.6,206.7,1,0.05796884130510149,Pattern-Based Anomaly,Low
2017-01-06 13:00:00,-5.17,61.23,1013.2,1.77,215.0,1,0.08144111577256635,Pattern-Based Anomaly,Low
2017-01-06 13:10:00,-4.97,61.02,1013.15,1.17,216.8,1,0.07795746448911234,Pattern-Based Anomaly,Low
2017-01-06 13:20:00,-5.15,60.81,1013.0,1.78,217.8,1,0.07441306091204225,Pattern-Based Anomaly,Low
2017-01-06 13:30:00,-5.22,61.65,1012.88,1.82,217.6,1,0.08410041186221834,Pattern-Based Anomaly,Low
2017-01-06 13:40:00,-5.02,60.8,1012.85,1.58,220.2,1,0.0802993416954314,Pattern-Based Anomaly,Low
2017-01-06 13:50:00,-4.61,59.35,1012.86,1.02,237.7,1,0.0670273464811148,Pattern-Based Anomaly,Low
2017-01-06 14:00:00,-4.72,58.85,1012.83,1.2,258.2,1,0.08785608708824327,Pattern-Based Anomaly,Low
2017-01-06 14:10:00,-5.23,60.18,1012.83,1.21,279.2,1,0.051401318226400816,Pattern-Based Anomaly,Low
2017-01-06 14:20:00,-5.2,60.23,1012.87,1.11,300.9,1,0.0762629429649293,Pattern-Based Anomaly,Low
2017-01-06 14:30:00,-5.26,60.53,1012.93,1.51,282.2,1,0.0831271023007919,Pattern-Based Anomaly,Low
2017-01-06 14:40:00,-5.35,61.24,1012.97,1.42,294.7,1,0.06901490496963458,Pattern-Based Anomaly,Low
2017-01-06 14:50:00,-5.19,61.09,1013.08,1.13,293.6,1,0.06951579778772721,Pattern-Based Anomaly,Low
2017-01-06 15:00:00,-5.32,61.33,1013.09,1.64,290.7,1,0.07803141872838143,Pattern-Based Anomaly,Low
2017-01-06 15:10:00,-5.7,63.02,1013.08,1.49,285.5,1,0.053928785403522084,Pattern-Based Anomaly,Low
2017-01-06 15:20:00,-5.69,63.35,1013.08,0.86,287.8,1,0.07477172259101428,Pattern-Based Anomaly,Low
2017-01-06 15:30:00,-5.56,63.0,1013.1,1.06,290.6,1,0.07129683980509188,Pattern-Based Anomaly,Low
2017-01-06 15:40:00,-5.17,62.26,1013.13,0.78,237.2,1,0.07435715307954932,Pattern-Based Anomaly,Low
2017-01-06 15:50:00,-5.33,62.68,1013.19,0.55,234.7,1,0.07057090739714189,Pattern-Based Anomaly,Low
2017-01-06 16:00:00,-5.6,63.35,1013.21,0.44,267.4,1,0.05834669569076889,Pattern-Based Anomaly,Low
2017-01-06 16:10:00,-6.4,65.83,1013.08,0.54,9.47,1,0.005923165487910609,Pattern-Based Anomaly,Low
2017-01-06 16:20:00,-6.86,67.85,1013.05,0.28,327.9,-1,-0.0035437279412988687,Pattern-Based Anomaly,Low
2017-01-06 16:30:00,-7.18,68.92,1013.04,0.43,251.7,1,0.016125728410524287,Pattern-Based Anomaly,Low
2017-01-06 16:40:00,-7.24,69.83,1013.08,0.45,346.6,1,0.00965581691717532,Pattern-Based Anomaly,Low
2017-01-06 16:50:00,-7.23,70.3,1013.03,0.32,156.5,1,0.035656205916628325,Pattern-Based Anomaly,Low
2017-01-06 17:00:00,-7.57,71.4,1012.96,0.16,300.8,1,0.0293462327545998,Pattern-Based Anomaly,Low
2017-01-06 17:10:00,-7.65,71.6,1012.97,0.19,307.4,1,0.05668624267554656,Pattern-Based Anomaly,Low
2017-01-06 17:20:00,-7.93,73.4,1012.92,0.54,34.0,1,0.04687627921520732,Pattern-Based Anomaly,Low
2017-01-06 17:30:00,-8.07,74.5,1012.86,0.53,53.96,1,0.049021746770847474,Pattern-Based Anomaly,Low
2017-01-06 17:40:00,-8.1,75.7,1012.91,0.51,89.1,1,0.04126557346582671,Pattern-Based Anomaly,Low
2017-01-06 17:50:00,-8.54,76.9,1012.88,0.46,24.4,1,0.019765487247296876,Pattern-Based Anomaly,Low
2017-01-06 18:00:00,-8.71,77.7,1012.86,0.38,260.7,1,0.0514689982672929,Pattern-Based Anomaly,Low
2017-01-06 18:10:00,-8.78,78.4,1012.86,0.29,19.01,1,0.04632925770867924,Pattern-Based Anomaly,Low
2017-01-06 18:20:00,-8.93,78.7,1012.85,0.46,358.1,1,0.049036980414564724,Pattern-Based Anomaly,Low
2017-01-06 18:30:00,-9.1,79.8,1012.76,0.45,37.47,1,0.056539581395856464,Pattern-Based Anomaly,Low
2017-01-06 18:40:00,-9.34,80.5,1012.69,0.72,57.78,1,0.06095453636461978,Pattern-Based Anomaly,Low
2017-01-06 18:50:00,-9.7,81.2,1012.8,1.21,232.6,1,0.06422831850904176,Pattern-Based Anomaly,Low
2017-01-06 19:00:00,-9.63,81.0,1012.83,1.28,236.2,1,0.08272443704630145,Pattern-Based Anomaly,Low
2017-01-06 19:10:00,-9.68,81.0,1012.79,1.19,229.6,1,0.08868410228785978,Pattern-Based Anomaly,Low
2017-01-06 19:20:00,-9.71,80.8,1012.72,0.84,235.4,1,0.08783346673074194,Pattern-Based Anomaly,Low
2017-01-06 19:30:00,-10.0,81.2,1012.7,1.16,202.0,1,0.07599848127200909,Pattern-Based Anomaly,Low
2017-01-06 19:40:00,-10.27,82.6,1012.58,1.67,221.9,1,0.06912957705235878,Pattern-Based Anomaly,Low
2017-01-06 19:50:00,-10.35,82.9,1012.62,1.22,222.6,1,0.08392960724721626,Pattern-Based Anomaly,Low
2017-01-06 20:00:00,-10.44,83.5,1012.58,1.09,223.0,1,0.0790720764658388,Pattern-Based Anomaly,Low
2017-01-06 20:10:00,-10.61,83.6,1012.49,0.94,215.3,1,0.07744848368580276,Pattern-Based Anomaly,Low
2017-01-06 20:20:00,-10.58,84.4,1012.44,0.68,175.4,1,0.07950494421299403,Pattern-Based Anomaly,Low
2017-01-06 20:30:00,-10.87,83.5,1012.33,0.31,116.2,1,0.043247169051511936,Pattern-Based Anomaly,Low
2017-01-06 20:40:00,-11.09,84.9,1012.21,0.3,320.1,1,0.03192144232258021,Pattern-Based Anomaly,Low
2017-01-06 20:50:00,-11.16,85.7,1012.19,0.51,231.8,1,0.058768546037670566,Pattern-Based Anomaly,Low
2017-01-06 21:00:00,-11.23,85.9,1012.13,0.46,191.8,1,0.06156999762558901,Pattern-Based Anomaly,Low
2017-01-06 21:10:00,-11.3,86.3,1012.2,0.74,217.0,1,0.0661333633206782,Pattern-Based Anomaly,Low
2017-01-06 21:20:00,-11.35,85.8,1012.32,0.89,207.8,1,0.06799440459896527,Pattern-Based Anomaly,Low
2017-01-06 21:30:00,-11.56,86.3,1012.33,1.1,205.1,1,0.07054702854370504,Pattern-Based Anomaly,Low
2017-01-06 21:40:00,-11.78,86.2,1012.37,1.12,197.0,1,0.07310421977810194,Pattern-Based Anomaly,Low
2017-01-06 21:50:00,-11.92,86.7,1012.4,1.48,174.4,1,0.07136239280822382,Pattern-Based Anomaly,Low
2017-01-06 22:00:00,-12.04,87.5,1012.4,1.31,185.9,1,0.06754158854084191,Pattern-Based Anomaly,Low
2017-01-06 22:10:00,-11.97,88.2,1012.46,1.69,177.1,1,0.06901260124440106,Pattern-Based Anomaly,Low
2017-01-06 22:20:00,-11.99,88.1,1012.52,1.46,177.6,1,0.07382078263628622,Pattern-Based Anomaly,Low
2017-01-06 22:30:00,-12.07,88.1,1012.49,1.14,174.4,1,0.07542849290115639,Pattern-Based Anomaly,Low
2017-01-06 22:40:00,-12.16,88.2,1012.39,0.79,215.0,1,0.06423275571668807,Pattern-Based Anomaly,Low
2017-01-06 22:50:00,-12.23,88.0,1012.29,1.24,212.0,1,0.07468175447200931,Pattern-Based Anomaly,Low
2017-01-06 23:00:00,-12.47,88.1,1012.3,1.58,196.8,1,0.06056517892727031,Pattern-Based Anomaly,Low
2017-01-06 23:10:00,-12.54,88.1,1012.26,1.49,191.1,1,0.06885690057531285,Pattern-Based Anomaly,Low
2017-01-06 23:20:00,-12.7,88.5,1012.2,1.17,185.0,1,0.06202331026157404,Pattern-Based Anomaly,Low
2017-01-06 23:30:00,-12.78,89.0,1012.12,1.55,182.6,1,0.06690770287511022,Pattern-Based Anomaly,Low
2017-01-06 23:40:00,-12.84,88.9,1011.98,1.6,181.4,1,0.05814093483221783,Pattern-Based Anomaly,Low
2017-01-06 23:50:00,-12.95,89.0,1011.81,1.07,182.6,1,0.04116433363500216,Pattern-Based Anomaly,Low
2017-01-07 00:00:00,-13.01,88.8,1011.76,0.85,146.2,1,0.04165663405866993,Pattern-Based Anomaly,Low
2017-01-07 00:10:00,-13.23,89.0,1011.67,1.11,179.0,1,0.03441390853466597,Pattern-Based Anomaly,Low
2017-01-07 00:20:00,-13.3,88.9,1011.56,0.92,176.8,1,0.039376349591811355,Pattern-Based Anomaly,Low
2017-01-07 00:30:00,-13.46,89.1,1011.46,1.14,168.1,1,0.03536276308554687,Pattern-Based Anomaly,Low
2017-01-07 00:40:00,-13.48,89.4,1011.42,1.27,179.1,1,0.045302237855176175,Pattern-Based Anomaly,Low
2017-01-07 00:50:00,-13.41,89.2,1011.39,0.8,171.0,1,0.05170667107512317,Pattern-Based Anomaly,Low
2017-01-07 01:00:00,-13.58,88.7,1011.18,0.83,155.3,1,0.026521781221455987,Pattern-Based Anomaly,Low
2017-01-07 01:10:00,-13.62,89.0,1011.08,0.67,149.2,1,0.0559769814097284,Pattern-Based Anomaly,Low
2017-01-07 01:20:00,-13.65,88.8,1010.99,0.63,186.5,1,0.05721357966849616,Pattern-Based Anomaly,Low
2017-01-07 01:30:00,-13.64,89.1,1010.94,0.45,173.0,1,0.051413260427394025,Pattern-Based Anomaly,Low
2017-01-07 01:40:00,-13.11,88.8,1010.82,0.2,51.7,1,0.018964400023339434,Pattern-Based Anomaly,Low
2017-01-07 01:50:00,-13.09,86.4,1010.69,0.57,158.6,1,0.030725244143559927,Pattern-Based Anomaly,Low
2017-01-07 02:00:00,-13.5,86.4,1010.58,1.27,180.7,1,0.05181559329504104,Pattern-Based Anomaly,Low
2017-01-07 02:10:00,-13.93,87.0,1010.42,1.27,181.5,1,0.03203658142877397,Pattern-Based Anomaly,Low
2017-01-07 02:20:00,-14.03,87.6,1010.4,1.69,141.0,1,0.04930599073433484,Pattern-Based Anomaly,Low
2017-01-07 02:30:00,-14.08,88.0,1010.33,0.88,153.1,1,0.042806244389484216,Pattern-Based Anomaly,Low
2017-01-07 02:40:00,-14.05,88.0,1010.28,1.0,185.7,1,0.06271234000166892,Pattern-Based Anomaly,Low
2017-01-07 02:50:00,-13.99,88.0,1010.11,1.15,188.5,1,0.05599333463660339,Pattern-Based Anomaly,Low
2017-01-07 03:00:00,-14.01,87.8,1009.98,1.07,189.5,1,0.06870722673009294,Pattern-Based Anomaly,Low
2017-01-07 03:10:00,-13.93,87.9,1009.96,1.29,188.8,1,0.0733797102919983,Pattern-Based Anomaly,Low
2017-01-07 03:20:00,-13.91,87.9,1009.93,1.53,206.1,1,0.07446711463467609,Pattern-Based Anomaly,Low
2017-01-07 03:30:00,-13.86,88.0,1009.83,1.42,227.8,1,0.0720674128002311,Pattern-Based Anomaly,Low
2017-01-07 03:40:00,-13.74,87.8,1009.85,1.08,229.2,1,0.083629948976086,Pattern-Based Anomaly,Low
2017-01-07 03:50:00,-13.68,87.6,1009.7,1.5,228.2,1,0.0691051530578452,Pattern-Based Anomaly,Low
2017-01-07 04:00:00,-13.56,87.6,1009.64,1.23,223.9,1,0.08582652274079688,Pattern-Based Anomaly,Low
2017-01-07 04:10:00,-13.4,87.4,1009.65,1.35,226.5,1,0.08511457086478558,Pattern-Based Anomaly,Low
2017-01-07 04:20:00,-13.28,86.9,1009.6,1.51,228.2,1,0.08435369229849121,Pattern-Based Anomaly,Low
2017-01-07 04:30:00,-13.17,86.7,1009.55,0.93,224.0,1,0.08280658112719885,Pattern-Based Anomaly,Low
2017-01-07 04:40:00,-12.99,86.5,1009.44,1.22,203.7,1,0.08428233303299276,Pattern-Based Anomaly,Low
2017-01-07 04:50:00,-12.85,86.0,1009.37,0.97,197.0,1,0.08390887973002498,Pattern-Based Anomaly,Low
2017-01-07 05:00:00,-12.76,85.9,1009.1,1.15,200.6,1,0.03996770215026546,Pattern-Based Anomaly,Low
2017-01-07 05:10:00,-12.69,85.7,1008.87,0.68,175.1,1,0.03223086439000522,Pattern-Based Anomaly,Low
2017-01-07 05:20:00,-12.57,85.7,1008.77,0.88,157.6,1,0.06452024055001482,Pattern-Based Anomaly,Low
2017-01-07 05:30:00,-12.51,85.5,1008.71,1.12,171.5,1,0.06602229165546081,Pattern-Based Anomaly,Low
2017-01-07 05:40:00,-12.4,85.6,1008.63,1.15,180.6,1,0.07189830362349786,Pattern-Based Anomaly,Low
2017-01-07 05:50:00,-12.31,85.3,1008.51,1.12,177.9,1,0.07726228322844836,Pattern-Based Anomaly,Low
2017-01-07 06:00:00,-12.28,85.3,1008.26,0.96,172.0,1,0.044963144883700124,Pattern-Based Anomaly,Low
2017-01-07 06:10:00,-12.05,85.1,1008.12,0.82,156.4,1,0.06344346479137009,Pattern-Based Anomaly,Low
2017-01-07 06:20:00,-11.88,84.8,1007.97,0.62,172.4,1,0.044958479382193106,Pattern-Based Anomaly,Low
2017-01-07 06:30:00,-11.78,84.2,1007.9,0.75,204.0,1,0.06238739796523585,Pattern-Based Anomaly,Low
2017-01-07 06:40:00,-11.6,84.0,1007.97,0.7,126.2,1,0.061876174285087404,Pattern-Based Anomaly,Low
2017-01-07 06:50:00,-11.44,83.3,1007.93,0.81,174.8,1,0.07814630883450818,Pattern-Based Anomaly,Low
2017-01-07 07:00:00,-11.4,83.1,1007.72,0.76,216.3,1,0.05117483848660065,Pattern-Based Anomaly,Low
2017-01-07 07:10:00,-11.35,82.9,1007.51,1.35,210.4,1,0.043257682433455735,Pattern-Based Anomaly,Low
2017-01-07 07:20:00,-11.36,83.3,1007.25,1.24,199.2,1,0.0314844867086419,Pattern-Based Anomaly,Low
2017-01-07 07:30:00,-11.17,83.9,1007.22,1.14,191.7,1,0.06201911804473226,Pattern-Based Anomaly,Low
2017-01-07 07:40:00,-10.85,83.9,1007.25,0.61,189.3,1,0.06426210940816524,Pattern-Based Anomaly,Low
2017-01-07 07:50:00,-10.58,82.8,1007.27,0.64,217.1,1,0.05921779659417281,Pattern-Based Anomaly,Low
2017-01-07 08:00:00,-10.62,82.7,1007.21,0.99,226.4,1,0.09152435808480325,Pattern-Based Anomaly,Low
2017-01-07 08:10:00,-10.47,82.5,1007.24,0.82,208.8,1,0.09008031304549019,Pattern-Based Anomaly,Low
2017-01-07 08:20:00,-10.41,82.5,1007.11,1.03,219.7,1,0.0829927828026149,Pattern-Based Anomaly,Low
2017-01-07 08:30:00,-10.36,82.7,1007.05,1.1,220.9,1,0.0922917942207242,Pattern-Based Anomaly,Low
2017-01-07 08:40:00,-10.28,82.7,1006.92,1.39,221.1,1,0.08682611118250305,Pattern-Based Anomaly,Low
2017-01-07 08:50:00,-10.15,82.5,1006.81,1.11,218.3,1,0.07857979539695015,Pattern-Based Anomaly,Low
2017-01-07 09:00:00,-9.87,82.0,1006.71,1.18,209.9,1,0.07964546586356341,Pattern-Based Anomaly,Low
2017-01-07 09:10:00,-9.74,81.4,1006.55,1.52,225.8,1,0.07036930097316857,Pattern-Based Anomaly,Low
2017-01-07 09:20:00,-9.46,80.8,1006.59,1.16,197.2,1,0.08401186516369052,Pattern-Based Anomaly,Low
2017-01-07 09:30:00,-9.16,80.1,1006.6,1.31,203.8,1,0.08095094824086291,Pattern-Based Anomaly,Low
2017-01-07 09:40:00,-8.98,79.8,1006.59,1.58,199.3,1,0.09251154447788912,Pattern-Based Anomaly,Low
2017-01-07 09:50:00,-8.74,79.3,1006.5,1.76,199.0,1,0.0848697992017684,Pattern-Based Anomaly,Low
2017-01-07 10:00:00,-8.52,78.6,1006.29,1.99,194.1,1,0.058419493594546235,Pattern-Based Anomaly,Low
2017-01-07 10:10:00,-8.27,77.3,1006.13,1.58,190.3,1,0.06964076268642438,Pattern-Based Anomaly,Low
2017-01-07 10:20:00,-7.9,76.0,1006.11,1.61,186.4,1,0.07144783480681227,Pattern-Based Anomaly,Low
2017-01-07 10:30:00,-7.61,74.5,1005.97,1.53,180.8,1,0.05245797951997477,Pattern-Based Anomaly,Low
2017-01-07 10:40:00,-7.21,72.7,1005.94,1.39,170.8,1,0.041225914101201466,Pattern-Based Anomaly,Low
2017-01-07 10:50:00,-7.02,71.4,1005.71,1.84,189.7,1,0.024847533523035814,Pattern-Based Anomaly,Low
2017-01-07 11:00:00,-6.78,69.86,1005.62,1.84,180.2,1,0.05354654416295801,Pattern-Based Anomaly,Low
2017-01-07 11:10:00,-6.36,68.03,1005.5,1.53,181.4,1,0.03194709814934016,Pattern-Based Anomaly,Low
2017-01-07 11:20:00,-6.01,65.2,1005.15,2.27,175.0,-1,-0.013500635021506557,Pattern-Based Anomaly,Low
2017-01-07 11:30:00,-5.75,62.62,1004.89,2.64,169.4,-1,-0.01938625317173648,Pattern-Based Anomaly,Low
2017-01-07 11:40:00,-5.66,61.52,1004.88,2.53,182.1,1,0.023291549321426075,Pattern-Based Anomaly,Low
2017-01-07 11:50:00,-5.62,62.03,1004.95,1.96,176.4,1,0.0400334447806594,Pattern-Based Anomaly,Low
2017-01-07 12:00:00,-5.37,61.73,1004.9,1.96,160.4,1,0.07019620814146071,Pattern-Based Anomaly,Low
2017-01-07 12:10:00,-5.15,59.41,1004.72,1.93,169.3,1,0.05404252886282901,Pattern-Based Anomaly,Low
2017-01-07 12:20:00,-4.91,58.46,1004.52,1.91,167.8,1,0.06538634042273261,Pattern-Based Anomaly,Low
2017-01-07 12:30:00,-4.7,55.83,1004.27,2.28,187.9,1,0.01868207193432303,Pattern-Based Anomaly,Low
2017-01-07 12:40:00,-4.56,50.15,1004.29,2.54,207.6,1,0.0007462976208366667,Pattern-Based Anomaly,Low
2017-01-07 12:50:00,-4.54,49.57,1004.11,2.94,216.9,1,0.028037973038505526,Pattern-Based Anomaly,Low
2017-01-07 13:00:00,-4.45,49.34,1003.81,3.22,204.3,1,0.004765785388577082,Pattern-Based Anomaly,Low
2017-01-07 13:10:00,-4.44,49.37,1003.63,3.13,215.2,1,0.025044210560362212,Pattern-Based Anomaly,Low
2017-01-07 13:20:00,-4.4,48.81,1003.43,3.43,221.7,1,0.019278399276417058,Pattern-Based Anomaly,Low
2017-01-07 13:30:00,-4.51,48.03,1003.3,4.43,219.2,1,0.04690018685173236,Pattern-Based Anomaly,Low
2017-01-07 13:40:00,-4.48,48.39,1003.16,3.95,211.1,1,0.06577278710199541,Pattern-Based Anomaly,Low
2017-01-07 13:50:00,-4.43,48.06,1002.94,4.24,205.1,1,0.04212859498972188,Pattern-Based Anomaly,Low
2017-01-07 14:00:00,-4.38,47.5,1002.76,4.34,207.2,1,0.061434081594052614,Pattern-Based Anomaly,Low
2017-01-07 14:10:00,-4.29,47.35,1002.76,3.48,206.8,1,0.07683650902169609,Pattern-Based Anomaly,Low
2017-01-07 14:20:00,-4.21,46.92,1002.63,3.5,216.5,1,0.08168304667331422,Pattern-Based Anomaly,Low
2017-01-07 14:30:00,-4.15,46.7,1002.58,3.05,209.8,1,0.0913045758296111,Pattern-Based Anomaly,Low
2017-01-07 14:40:00,-4.11,46.5,1002.47,3.22,212.2,1,0.0901716083861217,Pattern-Based Anomaly,Low
2017-01-07 14:50:00,-4.07,46.24,1002.36,2.82,209.1,1,0.09578645522662615,Pattern-Based Anomaly,Low
2017-01-07 15:00:00,-4.0,46.3,1002.26,2.77,214.7,1,0.09491022994797871,Pattern-Based Anomaly,Low
2017-01-07 15:10:00,-4.0,45.96,1002.1,3.15,212.4,1,0.08192726031943565,Pattern-Based Anomaly,Low
2017-01-07 15:20:00,-3.94,46.16,1001.99,2.89,206.4,1,0.0914535065047124,Pattern-Based Anomaly,Low
2017-01-07 15:30:00,-3.94,46.06,1001.91,3.05,206.5,1,0.09560237055901838,Pattern-Based Anomaly,Low
2017-01-07 15:40:00,-3.95,46.68,1001.82,2.37,207.1,1,0.09500858092024667,Pattern-Based Anomaly,Low
2017-01-07 15:50:00,-3.95,47.56,1001.69,1.74,197.8,1,0.09600815719651484,Pattern-Based Anomaly,Low
2017-01-07 16:00:00,-3.93,47.56,1001.46,2.2,197.8,1,0.06775006315432258,Pattern-Based Anomaly,Low
2017-01-07 16:10:00,-3.91,48.66,1001.33,1.61,196.5,1,0.08482079195389963,Pattern-Based Anomaly,Low
2017-01-07 16:20:00,-3.95,48.13,1001.3,1.7,199.1,1,0.09190837471430979,Pattern-Based Anomaly,Low
2017-01-07 16:30:00,-3.98,48.28,1001.24,1.38,195.1,1,0.09579115429790996,Pattern-Based Anomaly,Low
2017-01-07 16:40:00,-4.0,48.09,1001.13,2.12,201.2,1,0.09558489127298159,Pattern-Based Anomaly,Low
2017-01-07 16:50:00,-4.03,48.29,1000.98,2.07,195.2,1,0.09345467328744861,Pattern-Based Anomaly,Low
2017-01-07 17:00:00,-4.07,50.15,1000.78,2.63,194.3,1,0.058091002947076364,Pattern-Based Anomaly,Low
2017-01-07 17:10:00,-4.24,55.23,1000.68,3.02,207.0,1,0.03523392979190021,Pattern-Based Anomaly,Low
2017-01-07 17:20:00,-4.43,59.39,1000.62,4.66,207.1,1,0.016265782660042416,Pattern-Based Anomaly,Low
2017-01-07 17:30:00,-4.63,64.57,1000.59,3.44,212.3,1,0.016704664291629756,Pattern-Based Anomaly,Low
2017-01-07 17:40:00,-4.7,68.04,1000.57,3.34,210.7,1,0.02802945441072946,Pattern-Based Anomaly,Low
2017-01-07 17:50:00,-4.8,71.6,1000.47,3.11,210.4,1,0.029525263687117165,Pattern-Based Anomaly,Low
2017-01-07 18:00:00,-4.89,75.5,1000.27,3.08,203.4,1,0.009165806041496194,Pattern-Based Anomaly,Low
2017-01-07 18:10:00,-4.94,79.5,1000.24,2.75,202.7,1,0.03407735699628711,Pattern-Based Anomaly,Low
2017-01-07 18:20:00,-4.96,81.3,1000.2,1.88,175.6,1,0.057890081395503334,Pattern-Based Anomaly,Low
2017-01-07 18:30:00,-5.02,81.8,1000.19,1.67,172.9,1,0.07961712829179801,Pattern-Based Anomaly,Low
2017-01-07 18:40:00,-5.12,84.2,1000.13,1.83,175.1,1,0.05603580634685745,Pattern-Based Anomaly,Low
2017-01-07 18:50:00,-5.19,87.0,999.92,1.81,177.7,1,0.02704478470482885,Pattern-Based Anomaly,Low
2017-01-07 19:00:00,-5.26,89.2,999.83,1.69,176.0,1,0.05951572115093273,Pattern-Based Anomaly,Low
2017-01-07 19:10:00,-5.21,90.3,999.82,1.81,173.7,1,0.08142528045004471,Pattern-Based Anomaly,Low
2017-01-07 19:20:00,-5.19,90.3,999.8,2.33,153.0,1,0.09000841821846,Pattern-Based Anomaly,Low
2017-01-07 19:30:00,-5.14,90.6,999.71,2.22,169.0,1,0.10551451048504651,Pattern-Based Anomaly,Low
2017-01-07 19:40:00,-5.0,90.2,999.83,1.31,163.9,1,0.12101763387857689,Pattern-Based Anomaly,Low
2017-01-07 19:50:00,-5.0,90.4,999.74,1.49,178.4,1,0.1370147703890005,Pattern-Based Anomaly,Low
2017-01-07 20:00:00,-5.04,91.2,999.71,1.93,171.8,1,0.13363795903617487,Pattern-Based Anomaly,Low
2017-01-07 20:10:00,-5.02,91.8,999.75,1.75,172.3,1,0.1338611650040084,Pattern-Based Anomaly,Low
2017-01-07 20:20:00,-5.07,92.2,999.66,2.48,176.6,1,0.12968775408978678,Pattern-Based Anomaly,Low
2017-01-07 20:30:00,-4.98,92.4,999.7,2.7,188.2,1,0.12581120825446473,Pattern-Based Anomaly,Low
2017-01-07 20:40:00,-5.01,92.0,999.73,1.83,166.7,1,0.13175707476131265,Pattern-Based Anomaly,Low
2017-01-07 20:50:00,-5.03,92.3,999.71,2.32,181.5,1,0.12893648119332984,Pattern-Based Anomaly,Low
2017-01-07 21:00:00,-5.04,92.7,999.7,2.33,182.9,1,0.12388658432362804,Pattern-Based Anomaly,Low
2017-01-07 21:10:00,-5.02,92.8,999.7,1.94,168.1,1,0.1281464142332181,Pattern-Based Anomaly,Low
2017-01-07 21:20:00,-5.03,93.3,999.61,2.35,172.1,1,0.12558753183458404,Pattern-Based Anomaly,Low
2017-01-07 21:30:00,-5.04,93.7,999.64,2.06,173.8,1,0.1249016382850412,Pattern-Based Anomaly,Low
2017-01-07 21:40:00,-5.09,93.9,999.73,2.06,162.9,1,0.12010989207733092,Pattern-Based Anomaly,Low
2017-01-07 21:50:00,-5.16,94.1,999.64,2.22,162.0,1,0.12662635674056483,Pattern-Based Anomaly,Low
2017-01-07 22:00:00,-5.17,94.4,999.52,1.74,150.9,1,0.12422192654198,Pattern-Based Anomaly,Low
2017-01-07 22:10:00,-5.14,94.5,999.44,1.69,160.7,1,0.13105639778924694,Pattern-Based Anomaly,Low
2017-01-07 22:20:00,-5.19,94.5,999.32,1.64,149.0,1,0.1253929756128021,Pattern-Based Anomaly,Low
2017-01-07 22:30:00,-5.13,94.6,999.2,1.36,149.3,1,0.11608415667325311,Pattern-Based Anomaly,Low
2017-01-07 22:40:00,-5.13,94.6,999.12,1.84,151.0,1,0.12201779595321227,Pattern-Based Anomaly,Low
2017-01-07 22:50:00,-5.14,94.6,999.07,1.77,147.9,1,0.1216763464571966,Pattern-Based Anomaly,Low
2017-01-07 23:00:00,-5.13,94.7,999.02,1.4,164.9,1,0.11529396330681685,Pattern-Based Anomaly,Low
2017-01-07 23:10:00,-5.21,94.3,998.96,1.91,147.6,1,0.11425491996118275,Pattern-Based Anomaly,Low
2017-01-07 23:20:00,-5.31,94.4,998.87,1.92,155.4,1,0.11425889659564409,Pattern-Based Anomaly,Low
2017-01-07 23:30:00,-5.33,94.5,998.94,1.31,145.9,1,0.12037323720234644,Pattern-Based Anomaly,Low
2017-01-07 23:40:00,-5.2,94.7,998.85,0.65,172.6,1,0.11765888569949234,Pattern-Based Anomaly,Low
2017-01-07 23:50:00,-5.28,94.4,998.77,1.17,163.0,1,0.12071921838480981,Pattern-Based Anomaly,Low
2017-01-08 00:00:00,-5.27,94.6,998.69,1.29,163.9,1,0.10659872502925449,Pattern-Based Anomaly,Low
2017-01-08 00:10:00,-5.2,94.7,998.64,0.86,171.1,1,0.10456507405850712,Pattern-Based Anomaly,Low
2017-01-08 00:20:00,-5.24,94.4,998.7,1.23,149.7,1,0.10514974412914946,Pattern-Based Anomaly,Low
2017-01-08 00:30:00,-5.24,94.6,998.73,1.14,148.5,1,0.1046152276378885,Pattern-Based Anomaly,Low
2017-01-08 00:40:00,-5.23,94.7,998.66,1.34,178.0,1,0.10417110940078078,Pattern-Based Anomaly,Low
2017-01-08 00:50:00,-5.17,94.8,998.64,0.93,155.6,1,0.10511778357441015,Pattern-Based Anomaly,Low
2017-01-08 01:00:00,-5.12,94.7,998.57,1.23,153.4,1,0.12010281817861257,Pattern-Based Anomaly,Low
2017-01-08 01:10:00,-5.08,94.8,998.5,0.96,174.2,1,0.12520152171599597,Pattern-Based Anomaly,Low
2017-01-08 01:20:00,-4.98,94.9,998.42,0.6,188.4,1,0.11433761920093483,Pattern-Based Anomaly,Low
2017-01-08 01:30:00,-4.93,94.8,998.4,0.63,177.6,1,0.11346983893513524,Pattern-Based Anomaly,Low
2017-01-08 01:40:00,-4.88,94.6,998.34,0.84,121.7,1,0.11539422461440452,Pattern-Based Anomaly,Low
2017-01-08 01:50:00,-4.87,94.6,998.33,0.92,153.1,1,0.12882437270990438,Pattern-Based Anomaly,Low
2017-01-08 02:00:00,-4.73,95.0,998.35,0.83,117.1,1,0.1221613132254733,Pattern-Based Anomaly,Low
2017-01-08 02:10:00,-4.59,94.9,998.3,1.23,138.1,1,0.12874998412610789,Pattern-Based Anomaly,Low
2017-01-08 02:20:00,-4.5,95.0,998.23,1.14,154.0,1,0.13148259148378066,Pattern-Based Anomaly,Low
2017-01-08 02:30:00,-4.45,95.0,998.25,1.34,122.8,1,0.13528293275451836,Pattern-Based Anomaly,Low
2017-01-08 02:40:00,-4.41,95.2,998.25,1.26,110.1,1,0.12794944305323608,Pattern-Based Anomaly,Low
2017-01-08 02:50:00,-4.14,95.5,998.23,0.51,90.7,1,0.11175634496092629,Pattern-Based Anomaly,Low
2017-01-08 03:00:00,-4.01,95.0,998.22,0.82,126.6,1,0.12578517811056217,Pattern-Based Anomaly,Low
2017-01-08 03:10:00,-3.87,95.1,998.27,0.81,126.8,1,0.12404163591775169,Pattern-Based Anomaly,Low
2017-01-08 03:20:00,-3.68,94.8,998.35,0.75,147.4,1,0.11330051722237772,Pattern-Based Anomaly,Low
2017-01-08 03:30:00,-3.59,94.5,998.32,0.7,136.3,1,0.11843582182353768,Pattern-Based Anomaly,Low
2017-01-08 03:40:00,-3.47,94.0,998.25,0.79,110.4,1,0.1174623174229264,Pattern-Based Anomaly,Low
2017-01-08 03:50:00,-3.42,94.1,998.31,1.31,108.5,1,0.13099642763206087,Pattern-Based Anomaly,Low
2017-01-08 04:00:00,-3.32,94.2,998.35,0.58,79.6,1,0.12960324287893588,Pattern-Based Anomaly,Low
2017-01-08 04:10:00,-3.25,93.9,998.34,0.98,125.7,1,0.1395673539801669,Pattern-Based Anomaly,Low
2017-01-08 04:20:00,-3.25,94.2,998.29,1.14,138.7,1,0.14040288769723241,Pattern-Based Anomaly,Low
2017-01-08 04:30:00,-3.06,94.6,998.23,1.07,124.2,1,0.12630149879390096,Pattern-Based Anomaly,Low
2017-01-08 04:40:00,-2.99,94.3,998.19,1.12,123.9,1,0.1357275510917908,Pattern-Based Anomaly,Low
2017-01-08 04:50:00,-2.86,94.7,998.24,0.76,142.9,1,0.12511938359622848,Pattern-Based Anomaly,Low
2017-01-08 05:00:00,-2.78,94.3,998.42,0.54,135.6,1,0.10782850315398174,Pattern-Based Anomaly,Low
2017-01-08 05:10:00,-2.8,94.3,998.36,0.6,148.2,1,0.13816172647958241,Pattern-Based Anomaly,Low
2017-01-08 05:20:00,-2.79,94.3,998.23,0.69,143.4,1,0.13378007224322508,Pattern-Based Anomaly,Low
2017-01-08 05:30:00,-2.75,94.3,998.3,0.81,159.2,1,0.1365050891791571,Pattern-Based Anomaly,Low
2017-01-08 05:40:00,-2.57,94.7,998.34,0.45,84.4,1,0.1132356576252882,Pattern-Based Anomaly,Low
2017-01-08 05:50:00,-2.21,94.4,998.35,1.14,107.9,1,0.11445424547299254,Pattern-Based Anomaly,Low
2017-01-08 06:00:00,-2.01,93.6,998.32,0.7,96.2,1,0.11908228586490927,Pattern-Based Anomaly,Low
2017-01-08 06:10:00,-1.87,93.1,998.46,0.71,92.2,1,0.11197570548435715,Pattern-Based Anomaly,Low
2017-01-08 06:20:00,-1.75,92.6,998.6,0.58,118.8,1,0.11862487246289094,Pattern-Based Anomaly,Low
2017-01-08 06:30:00,-1.69,92.4,998.75,0.51,75.9,1,0.10599812449851809,Pattern-Based Anomaly,Low
2017-01-08 06:40:00,-1.62,92.1,998.88,0.57,137.4,1,0.12107808018642024,Pattern-Based Anomaly,Low
2017-01-08 06:50:00,-1.56,92.1,999.03,0.62,105.5,1,0.11391098145805817,Pattern-Based Anomaly,Low
2017-01-08 07:00:00,-1.66,91.7,999.13,0.75,104.1,1,0.12622066717871444,Pattern-Based Anomaly,Low
2017-01-08 07:10:00,-1.83,92.4,999.25,0.7,99.8,1,0.12320354190436467,Pattern-Based Anomaly,Low
2017-01-08 07:20:00,-1.81,92.7,999.38,0.53,155.8,1,0.13073266111375015,Pattern-Based Anomaly,Low
2017-01-08 07:30:00,-1.79,92.9,999.42,0.82,105.0,1,0.1404182761493063,Pattern-Based Anomaly,Low
2017-01-08 07:40:00,-1.84,93.3,999.56,1.11,64.74,1,0.12286026232254965,Pattern-Based Anomaly,Low
2017-01-08 07:50:00,-1.82,94.0,999.62,0.9,105.4,1,0.13696455591453127,Pattern-Based Anomaly,Low
2017-01-08 08:00:00,-1.83,94.5,999.67,0.93,77.7,1,0.13447305669602694,Pattern-Based Anomaly,Low
2017-01-08 08:10:00,-1.75,95.0,999.8,1.15,93.6,1,0.12480539875891755,Pattern-Based Anomaly,Low
2017-01-08 08:20:00,-1.79,95.2,999.98,1.13,90.6,1,0.11497748736978669,Pattern-Based Anomaly,Low
2017-01-08 08:30:00,-1.72,95.6,1000.01,0.86,136.3,1,0.14058322771433496,Pattern-Based Anomaly,Low
2017-01-08 08:40:00,-1.6,95.8,1000.15,1.28,114.9,1,0.12244877443592495,Pattern-Based Anomaly,Low
2017-01-08 08:50:00,-1.52,95.9,1000.31,0.96,97.5,1,0.1169879088633255,Pattern-Based Anomaly,Low
2017-01-08 09:00:00,-1.57,95.8,1000.41,1.14,68.15,1,0.1284155771547471,Pattern-Based Anomaly,Low
2017-01-08 09:10:00,-1.52,96.0,1000.35,0.78,86.5,1,0.12630070842135227,Pattern-Based Anomaly,Low
2017-01-08 09:20:00,-1.55,95.9,1000.46,1.12,83.2,1,0.12422106355227935,Pattern-Based Anomaly,Low
2017-01-08 09:30:00,-1.51,96.1,1000.56,0.89,70.6,1,0.12443627331185686,Pattern-Based Anomaly,Low
2017-01-08 09:40:00,-1.37,96.1,1000.59,0.98,81.2,1,0.13469913352064633,Pattern-Based Anomaly,Low
2017-01-08 09:50:00,-1.24,96.1,1000.63,0.73,124.5,1,0.1348957557153171,Pattern-Based Anomaly,Low
2017-01-08 10:00:00,-1.3,95.5,1000.69,1.67,71.1,1,0.14055461233916056,Pattern-Based Anomaly,Low
2017-01-08 10:10:00,-1.4,95.8,1000.87,1.28,71.8,1,0.11302289451044983,Pattern-Based Anomaly,Low
2017-01-08 10:20:00,-1.09,96.2,1000.92,0.77,121.5,1,0.12138458603166957,Pattern-Based Anomaly,Low
2017-01-08 10:30:00,-0.86,95.7,1000.95,1.02,180.1,1,0.13937032256732063,Pattern-Based Anomaly,Low
2017-01-08 10:40:00,-0.66,95.4,1001.02,1.06,217.3,1,0.13781815389594543,Pattern-Based Anomaly,Low
2017-01-08 10:50:00,-0.54,94.8,1001.09,1.48,239.5,1,0.14214466111782909,Pattern-Based Anomaly,Low
2017-01-08 11:00:00,-0.5,94.3,1001.07,2.22,247.6,1,0.14816017889717947,Pattern-Based Anomaly,Low
2017-01-08 11:10:00,-0.37,93.9,1001.07,1.6,251.5,1,0.14419597444721233,Pattern-Based Anomaly,Low
2017-01-08 11:20:00,-0.15,93.5,1001.01,0.59,77.6,1,0.13782455063976962,Pattern-Based Anomaly,Low
2017-01-08 11:30:00,-0.05,93.0,1001.1,0.93,85.8,1,0.1397909629126003,Pattern-Based Anomaly,Low
2017-01-08 11:40:00,0.11,92.9,1001.25,0.65,172.0,1,0.1314047955236437,Pattern-Based Anomaly,Low
2017-01-08 11:50:00,0.1,92.5,1001.32,0.86,222.1,1,0.1567119543728615,Pattern-Based Anomaly,Low
2017-01-08 12:00:00,0.09,92.2,1001.4,0.85,196.1,1,0.15012597940291567,Pattern-Based Anomaly,Low
2017-01-08 12:10:00,-0.02,92.5,1001.43,0.73,191.2,1,0.14289584438357456,Pattern-Based Anomaly,Low
2017-01-08 12:20:00,-0.08,92.8,1001.47,0.73,168.4,1,0.14833842287357696,Pattern-Based Anomaly,Low
2017-01-08 12:30:00,0.01,92.9,1001.47,0.71,219.3,1,0.15154158307587934,Pattern-Based Anomaly,Low
2017-01-08 12:40:00,0.12,92.8,1001.53,0.56,224.1,1,0.14484628368106822,Pattern-Based Anomaly,Low
2017-01-08 12:50:00,0.31,92.2,1001.55,0.41,207.3,1,0.14374842007559074,Pattern-Based Anomaly,Low
2017-01-08 13:00:00,0.27,91.7,1001.6,1.17,234.5,1,0.1573325930267348,Pattern-Based Anomaly,Low
2017-01-08 13:10:00,0.3,91.7,1001.66,1.19,250.9,1,0.15719877553961992,Pattern-Based Anomaly,Low
2017-01-08 13:20:00,0.27,91.3,1001.69,1.57,252.8,1,0.15462163098566656,Pattern-Based Anomaly,Low
2017-01-08 13:30:00,0.26,90.7,1001.65,2.57,246.1,1,0.1524601717142362,Pattern-Based Anomaly,Low
2017-01-08 13:40:00,0.33,90.4,1001.64,3.0,255.9,1,0.145071728539856,Pattern-Based Anomaly,Low
2017-01-08 13:50:00,0.41,90.1,1001.62,2.86,253.3,1,0.1473240179850318,Pattern-Based Anomaly,Low
2017-01-08 14:00:00,0.48,90.0,1001.57,2.56,250.3,1,0.14950749699886756,Pattern-Based Anomaly,Low
2017-01-08 14:10:00,0.46,90.2,1001.62,1.67,243.6,1,0.15379216296199594,Pattern-Based Anomaly,Low
2017-01-08 14:20:00,0.42,91.0,1001.65,1.18,233.5,1,0.14910131145642908,Pattern-Based Anomaly,Low
2017-01-08 14:30:00,0.43,91.4,1001.72,1.18,224.2,1,0.15167601478712134,Pattern-Based Anomaly,Low
2017-01-08 14:40:00,0.34,92.0,1001.9,0.89,228.1,1,0.12938027571284239,Pattern-Based Anomaly,Low
2017-01-08 14:50:00,0.34,92.5,1001.95,0.76,256.7,1,0.1397979900904731,Pattern-Based Anomaly,Low
2017-01-08 15:00:00,0.33,92.6,1001.94,0.85,222.8,1,0.15076439317709556,Pattern-Based Anomaly,Low
2017-01-08 15:10:00,0.36,92.8,1001.97,0.79,129.4,1,0.1473252548466673,Pattern-Based Anomaly,Low
2017-01-08 15:20:00,0.05,93.2,1002.07,1.39,74.7,1,0.1338766723683502,Pattern-Based Anomaly,Low
2017-01-08 15:30:00,-0.03,94.7,1002.14,0.43,108.0,1,0.12525360804030833,Pattern-Based Anomaly,Low
2017-01-08 15:40:00,0.0,95.1,1002.22,0.61,183.1,1,0.13913985660725015,Pattern-Based Anomaly,Low
2017-01-08 15:50:00,0.06,95.5,1002.38,0.45,78.1,1,0.11179537400533979,Pattern-Based Anomaly,Low
2017-01-08 16:00:00,-0.09,95.5,1002.53,0.72,69.3,1,0.09962815905842509,Pattern-Based Anomaly,Low
2017-01-08 16:10:00,-0.16,95.8,1002.64,0.68,70.9,1,0.11461412179508634,Pattern-Based Anomaly,Low
2017-01-08 16:20:00,-0.1,96.2,1002.65,0.35,181.9,1,0.11906035982547036,Pattern-Based Anomaly,Low
2017-01-08 16:30:00,-0.08,96.3,1002.64,0.24,223.5,1,0.12381473101804774,Pattern-Based Anomaly,Low
2017-01-08 16:40:00,-0.04,96.5,1002.77,0.2,325.0,1,0.09117491702905678,Pattern-Based Anomaly,Low
2017-01-08 16:50:00,-0.06,96.3,1002.87,0.18,340.7,1,0.09204444172750276,Pattern-Based Anomaly,Low
2017-01-08 17:00:00,-0.1,96.5,1002.89,0.2,317.2,1,0.10637069111607611,Pattern-Based Anomaly,Low
2017-01-08 17:10:00,-0.05,96.7,1002.91,0.27,218.3,1,0.11914921443378623,Pattern-Based Anomaly,Low
2017-01-08 17:20:00,-0.2,96.5,1002.86,0.83,217.7,1,0.13057292380651359,Pattern-Based Anomaly,Low
2017-01-08 17:30:00,-0.24,96.8,1002.87,0.4,179.5,1,0.12430018854392688,Pattern-Based Anomaly,Low
2017-01-08 17:40:00,0.04,97.2,1002.89,0.18,64.79,1,0.09965504055675445,Pattern-Based Anomaly,Low
2017-01-08 17:50:00,-0.04,96.8,1002.85,0.26,204.8,1,0.11897110500926034,Pattern-Based Anomaly,Low
2017-01-08 18:00:00,-0.09,96.9,1002.81,0.15,349.8,1,0.09822919586201173,Pattern-Based Anomaly,Low
2017-01-08 18:10:00,0.05,97.1,1002.84,0.16,41.36,1,0.1049121149341003,Pattern-Based Anomaly,Low
2017-01-08 18:20:00,-0.06,96.8,1002.84,0.2,226.8,1,0.11205272666176641,Pattern-Based Anomaly,Low
2017-01-08 18:30:00,0.01,97.2,1002.94,0.17,56.68,1,0.0998383912096455,Pattern-Based Anomaly,Low
2017-01-08 18:40:00,0.18,97.2,1003.01,0.17,19.45,1,0.10234384874269392,Pattern-Based Anomaly,Low
2017-01-08 18:50:00,0.04,96.8,1003.04,0.17,5.49,1,0.09190651304045777,Pattern-Based Anomaly,Low
2017-01-08 19:00:00,0.07,96.9,1003.09,0.19,36.1,1,0.11111180809367044,Pattern-Based Anomaly,Low
2017-01-08 19:10:00,0.0,96.7,1003.13,0.27,189.3,1,0.112853949292119,Pattern-Based Anomaly,Low
2017-01-08 19:20:00,-0.08,96.7,1003.16,0.37,202.1,1,0.12497887810183361,Pattern-Based Anomaly,Low
2017-01-08 19:30:00,-0.12,96.8,1003.25,0.62,216.7,1,0.1185144402936863,Pattern-Based Anomaly,Low
2017-01-08 19:40:00,-0.14,96.9,1003.25,0.67,215.5,1,0.13044644357865437,Pattern-Based Anomaly,Low
2017-01-08 19:50:00,-0.14,96.9,1003.26,0.57,211.9,1,0.1274323160570004,Pattern-Based Anomaly,Low
2017-01-08 20:00:00,-0.12,97.0,1003.25,0.45,209.7,1,0.12299737941781674,Pattern-Based Anomaly,Low
2017-01-08 20:10:00,-0.04,97.1,1003.29,0.28,220.7,1,0.10965083702447587,Pattern-Based Anomaly,Low
2017-01-08 20:20:00,0.01,97.0,1003.38,0.18,320.8,1,0.08312322119828253,Pattern-Based Anomaly,Low
2017-01-08 20:30:00,0.08,97.0,1003.48,0.28,25.33,1,0.08957731794848,Pattern-Based Anomaly,Low
2017-01-08 20:40:00,0.01,96.7,1003.49,0.41,18.88,1,0.09949726195380942,Pattern-Based Anomaly,Low
2017-01-08 20:50:00,-0.01,96.6,1003.38,0.47,24.71,1,0.10133299380721517,Pattern-Based Anomaly,Low
2017-01-08 21:00:00,-0.01,96.5,1003.37,0.69,11.31,1,0.10400576466644668,Pattern-Based Anomaly,Low
2017-01-08 21:10:00,-0.04,96.4,1003.4,0.81,34.54,1,0.10731265271616114,Pattern-Based Anomaly,Low
2017-01-08 21:20:00,-0.23,96.1,1003.37,1.52,41.66,1,0.11132941382153583,Pattern-Based Anomaly,Low
2017-01-08 21:30:00,-0.36,96.4,1003.32,1.56,41.47,1,0.10820090469289356,Pattern-Based Anomaly,Low
2017-01-08 21:40:00,-0.46,96.5,1003.26,1.53,31.62,1,0.10814092971182782,Pattern-Based Anomaly,Low
2017-01-08 21:50:00,-0.47,96.7,1003.26,1.3,32.22,1,0.11059494199433523,Pattern-Based Anomaly,Low
2017-01-08 22:00:00,-0.46,96.7,1003.28,1.11,33.26,1,0.11451668498081502,Pattern-Based Anomaly,Low
2017-01-08 22:10:00,-0.42,96.7,1003.36,1.04,36.15,1,0.10311279368588394,Pattern-Based Anomaly,Low
2017-01-08 22:20:00,-0.39,96.5,1003.41,1.05,34.47,1,0.10548078463891741,Pattern-Based Anomaly,Low
2017-01-08 22:30:00,-0.35,96.5,1003.53,1.03,31.28,1,0.09473152331730511,Pattern-Based Anomaly,Low
2017-01-08 22:40:00,-0.4,96.2,1003.6,0.56,17.82,1,0.09290302008367568,Pattern-Based Anomaly,Low
2017-01-08 22:50:00,-0.4,96.1,1003.54,0.49,18.53,1,0.10098703989486485,Pattern-Based Anomaly,Low
2017-01-08 23:00:00,-0.4,96.1,1003.43,0.27,15.57,1,0.08571462636578342,Pattern-Based Anomaly,Low
2017-01-08 23:10:00,-0.26,96.3,1003.46,0.21,329.3,1,0.0818565002573744,Pattern-Based Anomaly,Low
2017-01-08 23:20:00,-0.32,96.1,1003.42,0.34,338.8,1,0.0883462373006923,Pattern-Based Anomaly,Low
2017-01-08 23:30:00,-0.39,96.1,1003.17,0.94,221.8,1,0.08614212513163055,Pattern-Based Anomaly,Low
2017-01-08 23:40:00,-0.44,96.4,1003.11,0.79,230.7,1,0.10898003315891741,Pattern-Based Anomaly,Low
2017-01-08 23:50:00,-0.42,96.7,1003.06,0.55,223.9,1,0.11020756233291817,Pattern-Based Anomaly,Low
2017-01-09 00:00:00,-0.4,96.8,1002.88,0.78,210.6,1,0.08641630807820427,Pattern-Based Anomaly,Low
2017-01-09 00:10:00,-0.37,97.0,1002.87,0.45,173.9,1,0.09915613262160111,Pattern-Based Anomaly,Low
2017-01-09 00:20:00,-0.19,97.3,1002.89,0.15,4.27,1,0.07450927770047605,Pattern-Based Anomaly,Low
2017-01-09 00:30:00,-0.29,97.0,1002.86,0.37,352.0,1,0.07980711233151544,Pattern-Based Anomaly,Low
2017-01-09 00:40:00,-0.2,97.4,1002.78,0.27,340.7,1,0.0747205421093648,Pattern-Based Anomaly,Low
2017-01-09 00:50:00,-0.07,97.4,1002.77,0.31,145.7,1,0.10300672323442567,Pattern-Based Anomaly,Low
2017-01-09 01:00:00,-0.33,97.0,1002.69,0.87,153.4,1,0.11561702959611259,Pattern-Based Anomaly,Low
2017-01-09 01:10:00,-0.42,97.3,1002.78,0.77,140.9,1,0.11303150590027383,Pattern-Based Anomaly,Low
2017-01-09 01:20:00,-0.42,97.5,1002.77,0.75,164.5,1,0.12504555641608184,Pattern-Based Anomaly,Low
2017-01-09 01:30:00,-0.4,97.6,1002.78,0.42,214.3,1,0.12451766825908994,Pattern-Based Anomaly,Low
2017-01-09 01:40:00,-0.34,97.7,1002.77,0.47,219.0,1,0.12183167414791873,Pattern-Based Anomaly,Low
2017-01-09 01:50:00,-0.27,97.8,1002.75,0.26,204.2,1,0.11134670061210272,Pattern-Based Anomaly,Low
2017-01-09 02:00:00,-0.31,97.7,1002.7,0.52,203.4,1,0.12628614799901405,Pattern-Based Anomaly,Low
2017-01-09 02:10:00,-0.32,97.8,1002.63,0.47,225.8,1,0.12758461215684969,Pattern-Based Anomaly,Low
2017-01-09 02:20:00,-0.36,97.8,1002.53,0.67,212.8,1,0.1266243985314104,Pattern-Based Anomaly,Low
2017-01-09 02:30:00,-0.35,97.9,1002.53,0.5,211.9,1,0.12832487705933115,Pattern-Based Anomaly,Low
2017-01-09 02:40:00,-0.34,97.9,1002.63,0.49,199.5,1,0.121226723698103,Pattern-Based Anomaly,Low
2017-01-09 02:50:00,-0.26,98.1,1002.59,0.24,187.3,1,0.11401079249901774,Pattern-Based Anomaly,Low
2017-01-09 03:00:00,-0.28,97.9,1002.53,0.3,178.1,1,0.11656569626859731,Pattern-Based Anomaly,Low
2017-01-09 03:10:00,-0.34,97.9,1002.46,0.38,204.3,1,0.12179503922694657,Pattern-Based Anomaly,Low
2017-01-09 03:20:00,-0.41,98.0,1002.39,0.51,208.4,1,0.12739152058995,Pattern-Based Anomaly,Low
2017-01-09 03:30:00,-0.43,98.1,1002.35,0.26,213.3,1,0.12188122155136744,Pattern-Based Anomaly,Low
2017-01-09 03:40:00,-0.35,98.1,1002.28,0.25,68.8,1,0.1110295120812051,Pattern-Based Anomaly,Low
2017-01-09 03:50:00,-0.36,98.1,1002.19,0.32,180.4,1,0.12079465806434808,Pattern-Based Anomaly,Low
2017-01-09 04:00:00,-0.23,98.3,1002.22,0.17,87.4,1,0.11023959968381364,Pattern-Based Anomaly,Low
2017-01-09 04:10:00,-0.25,98.1,1002.25,0.23,181.9,1,0.12409070036131059,Pattern-Based Anomaly,Low
2017-01-09 04:20:00,-0.39,98.0,1002.18,0.3,201.9,1,0.11626739831527705,Pattern-Based Anomaly,Low
2017-01-09 04:30:00,-0.46,98.1,1002.2,0.48,186.0,1,0.12902684627176403,Pattern-Based Anomaly,Low
2017-01-09 04:40:00,-0.51,98.1,1002.2,0.41,221.5,1,0.1300485786382315,Pattern-Based Anomaly,Low
2017-01-09 04:50:00,-0.38,98.4,1002.11,0.22,73.1,1,0.11071922901075809,Pattern-Based Anomaly,Low
2017-01-09 05:00:00,-0.25,98.3,1002.04,0.21,75.7,1,0.11469044333760858,Pattern-Based Anomaly,Low
2017-01-09 05:10:00,-0.31,98.2,1001.92,0.27,231.1,1,0.11924175739077864,Pattern-Based Anomaly,Low
2017-01-09 05:20:00,-0.4,98.1,1001.86,0.22,247.4,1,0.11638374987447136,Pattern-Based Anomaly,Low
2017-01-09 05:30:00,-0.43,98.1,1001.66,0.36,214.9,1,0.10694042239707613,Pattern-Based Anomaly,Low
2017-01-09 05:40:00,-0.49,98.1,1001.49,0.61,206.4,1,0.11148212338296887,Pattern-Based Anomaly,Low
2017-01-09 05:50:00,-0.54,98.1,1001.38,0.67,200.8,1,0.1306915586677821,Pattern-Based Anomaly,Low
2017-01-09 06:00:00,-0.57,98.1,1001.24,1.0,227.2,1,0.12291477663885886,Pattern-Based Anomaly,Low
2017-01-09 06:10:00,-0.58,98.1,1001.12,1.04,223.6,1,0.13049862447030236,Pattern-Based Anomaly,Low
2017-01-09 06:20:00,-0.59,98.1,1001.04,0.61,186.1,1,0.13130371617543923,Pattern-Based Anomaly,Low
2017-01-09 06:30:00,-0.48,98.2,1000.95,0.41,146.3,1,0.12404935207584655,Pattern-Based Anomaly,Low
2017-01-09 06:40:00,-0.51,98.1,1000.95,0.42,142.1,1,0.13089763475770633,Pattern-Based Anomaly,Low
2017-01-09 06:50:00,-0.63,97.9,1000.87,0.57,149.1,1,0.12395279766666262,Pattern-Based Anomaly,Low
2017-01-09 07:00:00,-0.53,98.1,1000.8,0.24,197.8,1,0.12567785512222668,Pattern-Based Anomaly,Low
2017-01-09 07:10:00,-0.69,97.8,1000.74,0.74,213.7,1,0.13022324992137202,Pattern-Based Anomaly,Low
2017-01-09 07:20:00,-0.67,98.0,1000.7,0.66,208.9,1,0.14191669998752243,Pattern-Based Anomaly,Low
2017-01-09 07:30:00,-0.71,97.9,1000.71,1.01,226.4,1,0.14661638062555776,Pattern-Based Anomaly,Low
2017-01-09 07:40:00,-0.74,97.8,1000.63,1.03,216.0,1,0.14537900891902206,Pattern-Based Anomaly,Low
2017-01-09 07:50:00,-0.84,97.5,1000.67,0.95,202.8,1,0.14045473271204445,Pattern-Based Anomaly,Low
2017-01-09 08:00:00,-0.89,97.4,1000.68,1.03,223.3,1,0.14740547714044056,Pattern-Based Anomaly,Low
2017-01-09 08:10:00,-0.84,97.2,1000.69,0.83,227.2,1,0.146494517329689,Pattern-Based Anomaly,Low
2017-01-09 08:20:00,-0.8,96.8,1000.69,0.63,181.8,1,0.14204174856414636,Pattern-Based Anomaly,Low
2017-01-09 08:30:00,-0.81,96.6,1000.71,0.85,190.5,1,0.14600880449369552,Pattern-Based Anomaly,Low
2017-01-09 08:40:00,-0.9,96.4,1000.8,0.98,213.1,1,0.1384487849082211,Pattern-Based Anomaly,Low
2017-01-09 08:50:00,-0.93,96.2,1000.83,1.38,238.4,1,0.14948952080000283,Pattern-Based Anomaly,Low
2017-01-09 09:00:00,-0.81,95.5,1000.76,1.13,244.2,1,0.1472291354439202,Pattern-Based Anomaly,Low
2017-01-09 09:10:00,-0.82,93.2,1000.71,1.87,238.7,1,0.13550584103798274,Pattern-Based Anomaly,Low
2017-01-09 09:20:00,-0.71,90.7,1000.69,1.78,263.8,1,0.10935744975038608,Pattern-Based Anomaly,Low
2017-01-09 09:30:00,-0.42,84.2,1000.64,1.97,264.8,1,0.03552968010198476,Pattern-Based Anomaly,Low
2017-01-09 09:40:00,-0.29,81.5,1000.59,1.59,249.9,1,0.06348362028254739,Pattern-Based Anomaly,Low
2017-01-09 09:50:00,-0.39,84.4,1000.65,1.6,231.0,1,0.07831865256797271,Pattern-Based Anomaly,Low
2017-01-09 10:00:00,-0.53,86.5,1000.52,1.35,239.5,1,0.06656060337319314,Pattern-Based Anomaly,Low
2017-01-09 10:10:00,-0.53,87.0,1000.44,0.78,222.1,1,0.12437138697816535,Pattern-Based Anomaly,Low
2017-01-09 10:20:00,-0.51,87.9,1000.43,0.59,214.1,1,0.1373747564239306,Pattern-Based Anomaly,Low
2017-01-09 10:30:00,-0.51,87.6,1000.35,1.01,217.6,1,0.1443660124489038,Pattern-Based Anomaly,Low
2017-01-09 10:40:00,-0.46,86.6,1000.22,1.22,222.4,1,0.14632543549883165,Pattern-Based Anomaly,Low
2017-01-09 10:50:00,-0.36,84.9,1000.22,1.04,217.9,1,0.15397745963602616,Pattern-Based Anomaly,Low
2017-01-09 11:00:00,-0.26,86.2,1000.19,0.75,209.8,1,0.14628496653658224,Pattern-Based Anomaly,Low
2017-01-09 11:10:00,-0.22,88.4,1000.07,0.69,206.6,1,0.13693383423394018,Pattern-Based Anomaly,Low
2017-01-09 11:20:00,-0.27,89.1,999.95,1.15,205.7,1,0.15152693677866208,Pattern-Based Anomaly,Low
2017-01-09 11:30:00,-0.22,87.6,999.9,1.23,206.4,1,0.1506195484423986,Pattern-Based Anomaly,Low
2017-01-09 11:40:00,-0.09,84.2,999.75,1.57,215.9,1,0.0964984448733121,Pattern-Based Anomaly,Low
2017-01-09 11:50:00,-0.04,81.4,999.56,1.73,206.5,1,0.08442186639825106,Pattern-Based Anomaly,Low
2017-01-09 12:00:00,0.12,77.4,999.44,2.21,195.3,1,0.05239117894028167,Pattern-Based Anomaly,Low
2017-01-09 12:10:00,0.2,75.7,999.28,2.27,193.0,1,0.07294621896091436,Pattern-Based Anomaly,Low
2017-01-09 12:20:00,0.18,75.0,999.14,2.34,207.7,1,0.08618388700645935,Pattern-Based Anomaly,Low
2017-01-09 12:30:00,0.11,76.0,998.95,2.29,210.9,1,0.08514929103403529,Pattern-Based Anomaly,Low
2017-01-09 12:40:00,0.06,76.7,998.81,2.54,216.6,1,0.1152541411505208,Pattern-Based Anomaly,Low
2017-01-09 12:50:00,0.06,78.6,998.63,1.51,220.9,1,0.11227865162820905,Pattern-Based Anomaly,Low
2017-01-09 13:00:00,0.09,77.9,998.42,1.7,211.5,1,0.11359819916685754,Pattern-Based Anomaly,Low
2017-01-09 13:10:00,0.11,77.2,998.34,1.58,215.5,1,0.13986079384204297,Pattern-Based Anomaly,Low
2017-01-09 13:20:00,0.04,75.5,998.28,1.98,219.0,1,0.13837550726484388,Pattern-Based Anomaly,Low
2017-01-09 13:30:00,-0.03,74.1,998.1,2.57,239.1,1,0.10866804833143368,Pattern-Based Anomaly,Low
2017-01-09 13:40:00,-0.13,73.4,997.91,2.55,231.0,1,0.11233035029847876,Pattern-Based Anomaly,Low
2017-01-09 13:50:00,-0.2,74.3,997.89,1.87,214.8,1,0.14519338152431088,Pattern-Based Anomaly,Low
2017-01-09 14:00:00,-0.2,72.2,997.84,2.15,214.2,1,0.12478108402502941,Pattern-Based Anomaly,Low
2017-01-09 14:10:00,-0.21,72.0,997.72,2.26,212.5,1,0.15338546976207745,Pattern-Based Anomaly,Low
2017-01-09 14:20:00,-0.22,72.7,997.61,1.79,218.0,1,0.15323663440637497,Pattern-Based Anomaly,Low
2017-01-09 14:30:00,-0.26,73.2,997.52,1.39,207.4,1,0.14923432553871485,Pattern-Based Anomaly,Low
2017-01-09 14:40:00,-0.17,73.9,997.41,1.13,199.1,1,0.14430948023203072,Pattern-Based Anomaly,Low
2017-01-09 14:50:00,-0.23,74.1,997.26,1.28,220.0,1,0.13821241553953173,Pattern-Based Anomaly,Low
2017-01-09 15:00:00,-0.29,75.0,997.13,1.15,214.7,1,0.13939694007848896,Pattern-Based Anomaly,Low
2017-01-09 15:10:00,-0.36,75.5,997.08,1.44,216.4,1,0.15100448502995828,Pattern-Based Anomaly,Low
2017-01-09 15:20:00,-0.41,75.9,996.99,1.73,210.0,1,0.1540122998653788,Pattern-Based Anomaly,Low
2017-01-09 15:30:00,-0.45,75.3,996.87,1.59,222.8,1,0.15800097105679417,Pattern-Based Anomaly,Low
2017-01-09 15:40:00,-0.52,75.0,996.76,2.2,215.0,1,0.1569590981428532,Pattern-Based Anomaly,Low
2017-01-09 15:50:00,-0.42,75.0,996.71,1.5,191.3,1,0.1535977623229613,Pattern-Based Anomaly,Low
2017-01-09 16:00:00,-0.33,73.7,996.68,1.56,183.6,1,0.1419258841091759,Pattern-Based Anomaly,Low
2017-01-09 16:10:00,-0.39,73.4,996.63,1.75,199.1,1,0.15508628701470384,Pattern-Based Anomaly,Low
2017-01-09 16:20:00,-0.49,73.9,996.62,1.23,206.6,1,0.15372932367517467,Pattern-Based Anomaly,Low
2017-01-09 16:30:00,-0.51,75.2,996.6,0.9,181.2,1,0.14120495063984068,Pattern-Based Anomaly,Low
2017-01-09 16:40:00,-0.59,75.5,996.5,1.09,214.3,1,0.14931583432771978,Pattern-Based Anomaly,Low
2017-01-09 16:50:00,-0.69,75.8,996.46,1.95,229.3,1,0.15624202627563188,Pattern-Based Anomaly,Low
2017-01-09 17:00:00,-0.8,76.6,996.37,2.13,228.7,1,0.14699256852739206,Pattern-Based Anomaly,Low
2017-01-09 17:10:00,-0.88,76.9,996.27,2.67,218.6,1,0.14463537244456615,Pattern-Based Anomaly,Low
2017-01-09 17:20:00,-0.94,77.1,996.15,3.11,212.9,1,0.14708171889293054,Pattern-Based Anomaly,Low
2017-01-09 17:30:00,-0.93,76.5,996.02,2.42,215.1,1,0.1472490951008542,Pattern-Based Anomaly,Low
2017-01-09 17:40:00,-0.94,77.0,995.78,2.7,220.4,1,0.11518139247424991,Pattern-Based Anomaly,Low
2017-01-09 17:50:00,-0.96,77.2,995.65,2.74,221.2,1,0.13080284117535051,Pattern-Based Anomaly,Low
2017-01-09 18:00:00,-1.0,77.9,995.44,2.42,215.2,1,0.10962958325432054,Pattern-Based Anomaly,Low
2017-01-09 18:10:00,-1.04,78.2,995.24,1.86,209.2,1,0.11545268167803352,Pattern-Based Anomaly,Low
2017-01-09 18:20:00,-0.97,78.6,995.09,1.75,187.0,1,0.1270570584015137,Pattern-Based Anomaly,Low
2017-01-09 18:30:00,-0.87,78.4,995.07,2.26,187.5,1,0.1423710486974376,Pattern-Based Anomaly,Low
2017-01-09 18:40:00,-0.88,78.5,994.95,1.94,186.5,1,0.14918656856348822,Pattern-Based Anomaly,Low
2017-01-09 18:50:00,-0.86,79.1,994.84,1.71,165.6,1,0.1513689654005278,Pattern-Based Anomaly,Low
2017-01-09 19:00:00,-0.87,80.1,994.68,1.7,170.6,1,0.13961935846159346,Pattern-Based Anomaly,Low
2017-01-09 19:10:00,-0.93,80.3,994.55,1.69,198.1,1,0.14535408422033663,Pattern-Based Anomaly,Low
2017-01-09 19:20:00,-0.94,80.9,994.35,1.69,197.2,1,0.12148348268722081,Pattern-Based Anomaly,Low
2017-01-09 19:30:00,-0.91,81.5,994.3,1.28,153.6,1,0.1477992528110973,Pattern-Based Anomaly,Low
2017-01-09 19:40:00,-0.88,82.2,994.3,1.7,134.6,1,0.1509705790318857,Pattern-Based Anomaly,Low
2017-01-09 19:50:00,-0.91,82.6,994.16,1.62,133.0,1,0.14267425107706105,Pattern-Based Anomaly,Low
2017-01-09 20:00:00,-1.03,83.3,994.03,1.97,144.6,1,0.1440020830641489,Pattern-Based Anomaly,Low
2017-01-09 20:10:00,-1.07,83.6,993.9,1.96,151.2,1,0.15113593321127194,Pattern-Based Anomaly,Low
2017-01-09 20:20:00,-1.1,84.1,993.78,2.2,150.7,1,0.1493475078146112,Pattern-Based Anomaly,Low
2017-01-09 20:30:00,-1.14,84.2,993.67,2.49,141.9,1,0.14642220901350872,Pattern-Based Anomaly,Low
2017-01-09 20:40:00,-1.09,84.2,993.53,1.01,173.7,1,0.14104422688809037,Pattern-Based Anomaly,Low
2017-01-09 20:50:00,-0.98,83.5,993.29,1.41,163.4,1,0.10637210867049002,Pattern-Based Anomaly,Low
2017-01-09 21:00:00,-0.92,82.6,993.08,1.35,162.9,1,0.10100679322442496,Pattern-Based Anomaly,Low
2017-01-09 21:10:00,-0.9,82.7,992.89,1.4,158.3,1,0.11868628843006312,Pattern-Based Anomaly,Low
2017-01-09 21:20:00,-0.79,81.9,992.78,2.03,134.5,1,0.11891014350588802,Pattern-Based Anomaly,Low
2017-01-09 21:30:00,-0.68,81.7,992.71,1.89,132.6,1,0.13233304129972112,Pattern-Based Anomaly,Low
2017-01-09 21:40:00,-0.67,81.4,992.61,1.84,131.1,1,0.14679955145596196,Pattern-Based Anomaly,Low
2017-01-09 21:50:00,-0.73,82.3,992.55,2.38,136.7,1,0.1504284455347295,Pattern-Based Anomaly,Low
2017-01-09 22:00:00,-0.75,82.5,992.48,1.89,127.6,1,0.14935127450232294,Pattern-Based Anomaly,Low
2017-01-09 22:10:00,-0.73,81.9,992.36,1.94,134.9,1,0.14181179499255303,Pattern-Based Anomaly,Low
2017-01-09 22:20:00,-0.7,81.3,992.19,1.94,149.5,1,0.1345966406321547,Pattern-Based Anomaly,Low
2017-01-09 22:30:00,-0.7,81.2,992.03,1.28,158.9,1,0.13075498578900613,Pattern-Based Anomaly,Low
2017-01-09 22:40:00,-0.61,80.3,991.91,1.39,149.3,1,0.13443318980278274,Pattern-Based Anomaly,Low
2017-01-09 22:50:00,-0.6,80.5,991.76,1.74,147.1,1,0.13164172944835817,Pattern-Based Anomaly,Low
2017-01-09 23:00:00,-0.58,80.8,991.53,1.38,162.3,1,0.10052088131724157,Pattern-Based Anomaly,Low
2017-01-09 23:10:00,-0.54,79.7,991.36,1.12,213.7,1,0.10614401604938117,Pattern-Based Anomaly,Low
2017-01-09 23:20:00,-0.55,79.5,991.22,1.96,218.3,1,0.12159471034917557,Pattern-Based Anomaly,Low
2017-01-09 23:30:00,-0.54,79.3,991.02,2.41,208.7,1,0.1004785904559341,Pattern-Based Anomaly,Low
2017-01-09 23:40:00,-0.49,78.8,990.8,2.82,221.6,1,0.08999815439686726,Pattern-Based Anomaly,Low
2017-01-09 23:50:00,-0.4,78.0,990.61,3.09,218.1,1,0.09249119335889333,Pattern-Based Anomaly,Low
2017-01-10 00:00:00,-0.4,78.1,990.48,2.57,213.0,1,0.11257040271120439,Pattern-Based Anomaly,Low
2017-01-10 00:10:00,-0.34,77.9,990.46,2.37,199.1,1,0.12194342213314824,Pattern-Based Anomaly,Low
2017-01-10 00:20:00,-0.34,77.5,990.36,2.96,211.7,1,0.12392147648353469,Pattern-Based Anomaly,Low
2017-01-10 00:30:00,-0.34,77.4,990.2,3.04,207.2,1,0.11366553232725402,Pattern-Based Anomaly,Low
2017-01-10 00:40:00,-0.31,77.7,990.19,2.39,186.6,1,0.11652484046417144,Pattern-Based Anomaly,Low
2017-01-10 00:50:00,-0.28,77.5,990.09,2.2,176.3,1,0.11732615975701771,Pattern-Based Anomaly,Low
2017-01-10 01:00:00,-0.42,79.1,989.95,2.12,171.0,1,0.11390923656308377,Pattern-Based Anomaly,Low
2017-01-10 01:10:00,-0.55,79.9,989.82,2.43,165.1,1,0.12456650045556034,Pattern-Based Anomaly,Low
2017-01-10 01:20:00,-0.71,80.9,989.67,2.5,172.3,1,0.1163526299561678,Pattern-Based Anomaly,Low
2017-01-10 01:30:00,-0.72,80.6,989.49,2.69,180.0,1,0.11641862845769846,Pattern-Based Anomaly,Low
2017-01-10 01:40:00,-0.74,80.1,989.28,3.31,155.4,1,0.09617521963982562,Pattern-Based Anomaly,Low
2017-01-10 01:50:00,-0.81,79.8,989.15,2.62,161.6,1,0.12031628788679949,Pattern-Based Anomaly,Low
2017-01-10 02:00:00,-0.89,79.7,989.03,2.59,167.8,1,0.13583374939868026,Pattern-Based Anomaly,Low
2017-01-10 02:10:00,-0.95,79.3,988.91,2.1,172.8,1,0.14403327154875145,Pattern-Based Anomaly,Low
2017-01-10 02:20:00,-1.05,78.8,988.67,1.9,181.1,1,0.10952173691354611,Pattern-Based Anomaly,Low
2017-01-10 02:30:00,-1.07,78.6,988.56,1.58,163.6,1,0.14507665352470234,Pattern-Based Anomaly,Low
2017-01-10 02:40:00,-1.07,78.4,988.47,2.62,152.5,1,0.1413590839722375,Pattern-Based Anomaly,Low
2017-01-10 02:50:00,-1.12,79.2,988.3,2.51,165.4,1,0.12089855974318853,Pattern-Based Anomaly,Low
2017-01-10 03:00:00,-1.2,79.8,988.1,2.68,159.4,1,0.10162302083325908,Pattern-Based Anomaly,Low
2017-01-10 03:10:00,-1.2,80.2,987.92,2.42,157.2,1,0.11681637368126457,Pattern-Based Anomaly,Low
2017-01-10 03:20:00,-1.2,80.8,987.8,2.19,153.5,1,0.13176301609662944,Pattern-Based Anomaly,Low
2017-01-10 03:30:00,-1.2,81.3,987.71,2.23,164.0,1,0.13226728017176032,Pattern-Based Anomaly,Low
2017-01-10 03:40:00,-1.2,81.7,987.64,1.66,170.8,1,0.13928408243678597,Pattern-Based Anomaly,Low
2017-01-10 03:50:00,-1.23,82.0,987.46,2.31,161.8,1,0.11199918567811651,Pattern-Based Anomaly,Low
2017-01-10 04:00:00,-1.3,82.4,987.35,2.99,155.9,1,0.137311903112807,Pattern-Based Anomaly,Low
2017-01-10 04:10:00,-1.27,82.7,987.24,3.29,156.5,1,0.1377253800351136,Pattern-Based Anomaly,Low
2017-01-10 04:20:00,-1.24,83.1,987.04,2.28,164.8,1,0.1158552749908045,Pattern-Based Anomaly,Low
2017-01-10 04:30:00,-1.25,83.3,986.82,2.1,168.9,1,0.10772153619148822,Pattern-Based Anomaly,Low
2017-01-10 04:40:00,-1.21,83.4,986.6,3.06,155.7,1,0.10064155758921473,Pattern-Based Anomaly,Low
2017-01-10 04:50:00,-1.13,83.2,986.46,2.94,158.6,1,0.12052677812797702,Pattern-Based Anomaly,Low
2017-01-10 05:00:00,-1.14,83.2,986.24,2.32,164.0,1,0.09307048232502674,Pattern-Based Anomaly,Low
2017-01-10 05:10:00,-1.2,83.2,986.05,2.89,154.8,1,0.10101611032478375,Pattern-Based Anomaly,Low
2017-01-10 05:20:00,-1.26,83.4,986.08,3.59,158.5,1,0.11830556160579941,Pattern-Based Anomaly,Low
2017-01-10 05:30:00,-1.27,83.1,986.13,3.42,169.0,1,0.13291540290160087,Pattern-Based Anomaly,Low
2017-01-10 05:40:00,-1.43,83.5,986.09,2.94,179.3,1,0.13152891853985227,Pattern-Based Anomaly,Low
2017-01-10 05:50:00,-1.49,83.5,985.95,3.08,183.9,1,0.12738800447301601,Pattern-Based Anomaly,Low
2017-01-10 06:00:00,-1.56,83.4,985.82,2.93,179.5,1,0.12513856462505707,Pattern-Based Anomaly,Low
2017-01-10 06:10:00,-1.66,83.6,985.8,2.79,172.1,1,0.1360787651734086,Pattern-Based Anomaly,Low
2017-01-10 06:20:00,-1.7,83.8,985.81,3.22,173.0,1,0.13841638404394552,Pattern-Based Anomaly,Low
2017-01-10 06:30:00,-1.71,83.9,985.8,2.86,181.3,1,0.14606815711122462,Pattern-Based Anomaly,Low
2017-01-10 06:40:00,-1.66,83.8,985.69,2.68,182.2,1,0.1391863304396606,Pattern-Based Anomaly,Low
2017-01-10 06:50:00,-1.53,82.9,985.58,2.98,189.0,1,0.13392280174137572,Pattern-Based Anomaly,Low
2017-01-10 07:00:00,-1.3,81.2,985.55,2.81,174.5,1,0.13312212571300602,Pattern-Based Anomaly,Low
2017-01-10 07:10:00,-1.23,80.3,985.47,3.18,169.4,1,0.13719141999694429,Pattern-Based Anomaly,Low
2017-01-10 07:20:00,-1.22,79.9,985.44,3.44,160.2,1,0.14069334277061252,Pattern-Based Anomaly,Low
2017-01-10 07:30:00,-1.35,80.6,985.45,3.48,158.5,1,0.13322153337207,Pattern-Based Anomaly,Low
2017-01-10 07:40:00,-1.43,81.1,985.4,3.41,166.8,1,0.13741591014931503,Pattern-Based Anomaly,Low
2017-01-10 07:50:00,-1.49,80.8,985.34,3.67,166.1,1,0.13482998411323915,Pattern-Based Anomaly,Low
2017-01-10 08:00:00,-1.63,81.0,985.41,3.61,170.8,1,0.12533210486262392,Pattern-Based Anomaly,Low
2017-01-10 08:10:00,-1.78,81.1,985.45,3.77,178.2,1,0.12536181356460702,Pattern-Based Anomaly,Low
2017-01-10 08:20:00,-1.99,81.7,985.52,2.56,187.5,1,0.1300499487024957,Pattern-Based Anomaly,Low
2017-01-10 08:30:00,-2.13,82.1,985.58,2.89,184.1,1,0.13306525047804751,Pattern-Based Anomaly,Low
2017-01-10 08:40:00,-2.17,81.7,985.48,2.76,201.7,1,0.13862928085287574,Pattern-Based Anomaly,Low
2017-01-10 08:50:00,-2.3,81.7,985.44,2.71,189.3,1,0.13113335883171018,Pattern-Based Anomaly,Low
2017-01-10 09:00:00,-2.19,80.5,985.56,2.91,193.0,1,0.1242793313229213,Pattern-Based Anomaly,Low
2017-01-10 09:10:00,-1.87,78.7,985.68,2.89,177.0,1,0.11953641318020475,Pattern-Based Anomaly,Low
2017-01-10 09:20:00,-1.65,76.9,985.81,2.55,180.0,1,0.11549396434211412,Pattern-Based Anomaly,Low
2017-01-10 09:30:00,-1.44,75.2,985.76,2.67,175.9,1,0.11947655516026978,Pattern-Based Anomaly,Low
2017-01-10 09:40:00,-1.26,72.5,985.62,3.48,182.1,1,0.0658595207015692,Pattern-Based Anomaly,Low
2017-01-10 09:50:00,-1.12,71.1,985.62,3.5,174.6,1,0.09550852810858346,Pattern-Based Anomaly,Low
2017-01-10 10:00:00,-1.08,70.1,985.67,4.04,175.6,1,0.09866964990765559,Pattern-Based Anomaly,Low
2017-01-10 10:10:00,-1.0,69.72,985.66,3.55,174.8,1,0.12304977066422568,Pattern-Based Anomaly,Low
2017-01-10 10:20:00,-0.92,68.37,985.66,4.41,178.3,1,0.1028447863427141,Pattern-Based Anomaly,Low
2017-01-10 10:30:00,-0.89,67.73,985.77,4.4,180.5,1,0.11859542887374197,Pattern-Based Anomaly,Low
2017-01-10 10:40:00,-0.81,67.42,985.8,4.15,178.2,1,0.12488203471661785,Pattern-Based Anomaly,Low
2017-01-10 10:50:00,-0.68,66.65,985.65,4.48,180.8,1,0.11408622366852017,Pattern-Based Anomaly,Low
2017-01-10 11:00:00,-0.58,66.49,985.61,3.56,175.4,1,0.13548993495948308,Pattern-Based Anomaly,Low
2017-01-10 11:10:00,-0.46,66.01,985.53,3.9,175.6,1,0.13441430960973522,Pattern-Based Anomaly,Low
2017-01-10 11:20:00,-0.46,66.1,985.44,3.92,174.9,1,0.14403958380784038,Pattern-Based Anomaly,Low
2017-01-10 11:30:00,-0.37,65.9,985.41,3.83,175.1,1,0.1368791867978983,Pattern-Based Anomaly,Low
2017-01-10 11:40:00,-0.24,65.12,985.41,3.8,178.7,1,0.1330971334994192,Pattern-Based Anomaly,Low
2017-01-10 11:50:00,-0.14,64.67,985.36,3.57,185.0,1,0.13828030125732482,Pattern-Based Anomaly,Low
2017-01-10 12:00:00,-0.04,64.1,985.3,4.2,173.5,1,0.13164690184659966,Pattern-Based Anomaly,Low
2017-01-10 12:10:00,0.19,63.62,985.35,4.02,168.3,1,0.12015126430891854,Pattern-Based Anomaly,Low
2017-01-10 12:20:00,0.33,63.31,985.34,3.53,176.9,1,0.13109186313509058,Pattern-Based Anomaly,Low
2017-01-10 12:30:00,0.63,62.5,985.3,3.69,181.4,1,0.12024567546777881,Pattern-Based Anomaly,Low
2017-01-10 12:40:00,0.54,62.22,985.19,4.89,187.2,1,0.11590027133521308,Pattern-Based Anomaly,Low
2017-01-10 12:50:00,0.56,62.44,985.07,4.56,183.3,1,0.1358694122187714,Pattern-Based Anomaly,Low
2017-01-10 13:00:00,0.82,61.93,984.94,3.91,172.7,1,0.12896699223755204,Pattern-Based Anomaly,Low
2017-01-10 13:10:00,0.91,61.48,984.87,4.55,168.8,1,0.13710664226620983,Pattern-Based Anomaly,Low
2017-01-10 13:20:00,0.74,62.18,984.85,4.37,180.0,1,0.13610904744071428,Pattern-Based Anomaly,Low
2017-01-10 13:30:00,0.75,62.34,984.83,4.44,176.5,1,0.1424588213668196,Pattern-Based Anomaly,Low
2017-01-10 13:40:00,0.68,62.53,984.83,4.04,182.8,1,0.1383379535433708,Pattern-Based Anomaly,Low
2017-01-10 13:50:00,0.53,62.68,984.67,4.76,178.0,1,0.11671838891854097,Pattern-Based Anomaly,Low
2017-01-10 14:00:00,0.53,63.05,984.7,3.76,173.3,1,0.14144371247384746,Pattern-Based Anomaly,Low
2017-01-10 14:10:00,0.32,63.44,984.66,4.34,176.2,1,0.1382613277320064,Pattern-Based Anomaly,Low
2017-01-10 14:20:00,0.35,63.6,984.73,3.54,174.9,1,0.13944019269904434,Pattern-Based Anomaly,Low
2017-01-10 14:30:00,0.55,63.09,984.76,3.87,171.3,1,0.13330928870243658,Pattern-Based Anomaly,Low
2017-01-10 14:40:00,0.58,63.05,984.86,3.22,171.3,1,0.130462753232792,Pattern-Based Anomaly,Low
2017-01-10 14:50:00,0.45,63.47,984.78,3.68,174.2,1,0.13600329922077714,Pattern-Based Anomaly,Low
2017-01-10 15:00:00,0.41,63.73,984.74,3.4,179.7,1,0.13860804802880955,Pattern-Based Anomaly,Low
2017-01-10 15:10:00,0.24,64.39,984.83,3.22,179.0,1,0.1309785550842117,Pattern-Based Anomaly,Low
2017-01-10 15:20:00,0.04,65.35,984.93,2.79,179.7,1,0.13325216974064968,Pattern-Based Anomaly,Low
2017-01-10 15:30:00,0.03,65.59,984.91,2.7,181.3,1,0.14452606098787307,Pattern-Based Anomaly,Low
2017-01-10 15:40:00,-0.05,65.8,984.99,2.7,179.0,1,0.14065300025432015,Pattern-Based Anomaly,Low
2017-01-10 15:50:00,-0.21,66.32,985.08,3.05,178.3,1,0.1360008425726234,Pattern-Based Anomaly,Low
2017-01-10 16:00:00,-0.44,67.22,985.23,2.62,183.0,1,0.10805872760739776,Pattern-Based Anomaly,Low
2017-01-10 16:10:00,-0.82,68.44,985.09,3.28,176.9,1,0.10835209280512298,Pattern-Based Anomaly,Low
2017-01-10 16:20:00,-1.07,69.32,985.15,3.11,187.4,1,0.12529741860225518,Pattern-Based Anomaly,Low
2017-01-10 16:30:00,-1.25,70.3,985.07,2.47,187.1,1,0.11639717582738807,Pattern-Based Anomaly,Low
2017-01-10 16:40:00,-1.35,70.8,985.12,2.34,186.9,1,0.11683305162153068,Pattern-Based Anomaly,Low
2017-01-10 16:50:00,-1.49,71.3,985.32,2.14,185.1,1,0.11282513685929635,Pattern-Based Anomaly,Low
2017-01-10 17:00:00,-1.58,71.8,985.44,1.95,183.6,1,0.1255988083945878,Pattern-Based Anomaly,Low
2017-01-10 17:10:00,-1.79,72.7,985.51,1.49,176.6,1,0.13052327676353231,Pattern-Based Anomaly,Low
2017-01-10 17:20:00,-2.0,73.6,985.58,1.76,191.3,1,0.11894072668347427,Pattern-Based Anomaly,Low
2017-01-10 17:30:00,-2.1,74.3,985.58,2.2,178.3,1,0.13175447556478148,Pattern-Based Anomaly,Low
2017-01-10 17:40:00,-2.3,74.9,985.51,2.09,186.0,1,0.13008449882579948,Pattern-Based Anomaly,Low
2017-01-10 17:50:00,-2.5,75.3,985.67,2.16,199.0,1,0.11388351966590798,Pattern-Based Anomaly,Low
2017-01-10 18:00:00,-2.54,75.9,985.89,2.05,183.5,1,0.11593998996688448,Pattern-Based Anomaly,Low
2017-01-10 18:10:00,-2.5,75.9,986.13,1.78,176.6,1,0.10887206884740769,Pattern-Based Anomaly,Low
2017-01-10 18:20:00,-2.43,75.5,986.17,2.31,171.7,1,0.12724930220316827,Pattern-Based Anomaly,Low
2017-01-10 18:30:00,-2.5,75.5,986.25,2.07,181.5,1,0.11743882735382705,Pattern-Based Anomaly,Low
2017-01-10 18:40:00,-2.54,75.8,986.4,2.37,175.4,1,0.11020855214439867,Pattern-Based Anomaly,Low
2017-01-10 18:50:00,-2.6,76.1,986.47,2.04,177.4,1,0.13220576872540735,Pattern-Based Anomaly,Low
2017-01-10 19:00:00,-2.6,76.1,986.5,1.83,162.8,1,0.13568621239138212,Pattern-Based Anomaly,Low
2017-01-10 19:10:00,-2.61,76.2,986.58,1.7,166.4,1,0.13123231737930657,Pattern-Based Anomaly,Low
2017-01-10 19:20:00,-2.72,76.7,986.6,1.69,177.4,1,0.12690503589901714,Pattern-Based Anomaly,Low
2017-01-10 19:30:00,-2.8,77.5,986.74,1.35,175.1,1,0.12396232154738424,Pattern-Based Anomaly,Low
2017-01-10 19:40:00,-2.88,77.5,986.79,1.49,179.3,1,0.1396592448555865,Pattern-Based Anomaly,Low
2017-01-10 19:50:00,-3.02,77.8,986.88,1.97,185.1,1,0.12976421421277518,Pattern-Based Anomaly,Low
2017-01-10 20:00:00,-3.2,78.3,986.97,1.96,182.4,1,0.1322224305177735,Pattern-Based Anomaly,Low
2017-01-10 20:10:00,-3.31,78.5,987.05,2.17,194.7,1,0.13407049592551723,Pattern-Based Anomaly,Low
2017-01-10 20:20:00,-3.37,78.9,987.17,1.78,190.4,1,0.1327352085378326,Pattern-Based Anomaly,Low
2017-01-10 20:30:00,-3.5,79.7,987.18,1.52,186.5,1,0.1313410633459861,Pattern-Based Anomaly,Low
2017-01-10 20:40:00,-3.53,80.2,987.16,1.97,193.6,1,0.14601967601384175,Pattern-Based Anomaly,Low
2017-01-10 20:50:00,-3.43,80.0,987.25,2.1,189.5,1,0.13673964693743118,Pattern-Based Anomaly,Low
2017-01-10 21:00:00,-3.24,79.4,987.2,1.76,174.0,1,0.13450477616353362,Pattern-Based Anomaly,Low
2017-01-10 21:10:00,-3.15,79.2,987.16,1.7,167.8,1,0.13497543705577353,Pattern-Based Anomaly,Low
2017-01-10 21:20:00,-3.09,79.1,987.25,1.67,179.5,1,0.13364510354790116,Pattern-Based Anomaly,Low
2017-01-10 21:30:00,-3.06,79.5,987.29,1.46,176.4,1,0.140507971542418,Pattern-Based Anomaly,Low
2017-01-10 21:40:00,-3.05,79.4,987.33,1.33,192.0,1,0.13612776448828273,Pattern-Based Anomaly,Low
2017-01-10 21:50:00,-3.1,80.0,987.4,1.6,187.9,1,0.13861182382352505,Pattern-Based Anomaly,Low
2017-01-10 22:00:00,-3.07,80.1,987.41,1.53,189.5,1,0.13373322352291134,Pattern-Based Anomaly,Low
2017-01-10 22:10:00,-3.06,80.2,987.52,1.63,195.4,1,0.12960703571461551,Pattern-Based Anomaly,Low
2017-01-10 22:20:00,-3.01,80.2,987.65,1.41,203.9,1,0.11793813501713424,Pattern-Based Anomaly,Low
2017-01-10 22:30:00,-3.0,80.0,987.65,1.4,204.5,1,0.13348811576632758,Pattern-Based Anomaly,Low
2017-01-10 22:40:00,-2.94,79.9,987.65,1.46,200.6,1,0.1340638955915383,Pattern-Based Anomaly,Low
2017-01-10 22:50:00,-2.92,80.0,987.62,1.6,202.4,1,0.13890399754398852,Pattern-Based Anomaly,Low
2017-01-10 23:00:00,-2.9,80.6,987.61,1.82,187.8,1,0.1275029760187567,Pattern-Based Anomaly,Low
2017-01-10 23:10:00,-2.78,80.2,987.59,1.93,177.7,1,0.1235668249790019,Pattern-Based Anomaly,Low
2017-01-10 23:20:00,-2.73,79.9,987.58,2.16,178.5,1,0.1266255404027944,Pattern-Based Anomaly,Low
2017-01-10 23:30:00,-2.73,80.0,987.72,2.14,179.2,1,0.11235591367078862,Pattern-Based Anomaly,Low
2017-01-10 23:40:00,-2.72,79.8,987.68,2.68,176.5,1,0.12648229644952802,Pattern-Based Anomaly,Low
2017-01-10 23:50:00,-2.67,79.7,987.72,2.1,181.2,1,0.12799915545803525,Pattern-Based Anomaly,Low
2017-01-11 00:00:00,-2.64,80.0,987.75,2.1,175.3,1,0.10973835917172248,Pattern-Based Anomaly,Low
2017-01-11 00:10:00,-2.6,79.8,987.79,2.18,171.6,1,0.10887455037232713,Pattern-Based Anomaly,Low
2017-01-11 00:20:00,-2.56,79.7,987.83,1.89,179.9,1,0.11314990810963438,Pattern-Based Anomaly,Low
2017-01-11 00:30:00,-2.53,79.7,987.97,1.29,180.5,1,0.1079741369001308,Pattern-Based Anomaly,Low
2017-01-11 00:40:00,-2.36,78.9,988.02,0.81,171.5,1,0.11054005137277217,Pattern-Based Anomaly,Low
2017-01-11 00:50:00,-2.39,78.9,988.0,1.47,188.0,1,0.11986585363848734,Pattern-Based Anomaly,Low
2017-01-11 01:00:00,-2.39,79.5,987.88,1.91,162.3,1,0.13206734257323205,Pattern-Based Anomaly,Low
2017-01-11 01:10:00,-2.33,79.5,987.78,1.63,179.7,1,0.12738381774546054,Pattern-Based Anomaly,Low
2017-01-11 01:20:00,-2.29,79.7,987.7,1.18,176.4,1,0.12291470655208014,Pattern-Based Anomaly,Low
2017-01-11 01:30:00,-2.24,79.1,987.73,1.87,167.8,1,0.12412141422326844,Pattern-Based Anomaly,Low
2017-01-11 01:40:00,-2.26,79.5,987.65,2.28,173.5,1,0.12236036468349326,Pattern-Based Anomaly,Low
2017-01-11 01:50:00,-2.27,80.0,987.59,1.68,180.0,1,0.12601968541636055,Pattern-Based Anomaly,Low
2017-01-11 02:00:00,-2.27,80.3,987.53,2.04,177.8,1,0.13355518525299653,Pattern-Based Anomaly,Low
2017-01-11 02:10:00,-2.27,80.5,987.55,2.31,179.1,1,0.13180435711745891,Pattern-Based Anomaly,Low
2017-01-11 02:20:00,-2.25,80.6,987.58,2.05,172.8,1,0.13078294481095326,Pattern-Based Anomaly,Low
2017-01-11 02:30:00,-2.23,80.1,987.62,2.68,174.0,1,0.12952805410134943,Pattern-Based Anomaly,Low
2017-01-11 02:40:00,-2.22,80.1,987.64,2.17,173.2,1,0.12983040112666094,Pattern-Based Anomaly,Low
2017-01-11 02:50:00,-2.18,80.2,987.73,2.32,172.0,1,0.12659491809928758,Pattern-Based Anomaly,Low
2017-01-11 03:00:00,-2.13,80.1,987.74,2.16,167.5,1,0.13039429640377714,Pattern-Based Anomaly,Low
2017-01-11 03:10:00,-2.14,79.8,987.75,2.44,165.4,1,0.13059597009883883,Pattern-Based Anomaly,Low
2017-01-11 03:20:00,-2.13,79.4,987.57,2.75,162.7,1,0.11608034048128807,Pattern-Based Anomaly,Low
2017-01-11 03:30:00,-2.14,79.1,987.71,2.72,169.1,1,0.11891783448864901,Pattern-Based Anomaly,Low
2017-01-11 03:40:00,-2.14,79.2,987.64,2.29,174.5,1,0.13057698864661615,Pattern-Based Anomaly,Low
2017-01-11 03:50:00,-2.16,79.0,987.5,2.78,165.1,1,0.12057173606154359,Pattern-Based Anomaly,Low
2017-01-11 04:00:00,-2.17,79.0,987.42,2.38,170.6,1,0.12894060202003693,Pattern-Based Anomaly,Low
2017-01-11 04:10:00,-2.14,78.6,987.3,2.92,164.8,1,0.12593738256597903,Pattern-Based Anomaly,Low
2017-01-11 04:20:00,-2.13,78.7,987.36,2.56,169.0,1,0.13209462341830275,Pattern-Based Anomaly,Low
2017-01-11 04:30:00,-2.16,79.1,987.31,2.53,174.2,1,0.12844281151190418,Pattern-Based Anomaly,Low
2017-01-11 04:40:00,-2.11,79.4,987.28,1.73,173.6,1,0.13269736498778606,Pattern-Based Anomaly,Low
2017-01-11 04:50:00,-2.11,79.3,987.24,2.05,194.0,1,0.1366598174919726,Pattern-Based Anomaly,Low
2017-01-11 05:00:00,-2.1,79.4,987.24,1.63,176.7,1,0.1408645310501601,Pattern-Based Anomaly,Low
2017-01-11 05:10:00,-2.01,79.3,987.12,2.16,165.0,1,0.13690823909506983,Pattern-Based Anomaly,Low
2017-01-11 05:20:00,-1.97,79.5,987.07,2.31,165.0,1,0.14252997904590814,Pattern-Based Anomaly,Low
2017-01-11 05:30:00,-1.99,79.7,986.85,2.97,151.9,1,0.11003387162204592,Pattern-Based Anomaly,Low
2017-01-11 05:40:00,-2.06,80.7,986.63,2.72,162.3,1,0.10013506638679659,Pattern-Based Anomaly,Low
2017-01-11 05:50:00,-2.03,80.8,986.6,3.22,153.7,1,0.1287947750695138,Pattern-Based Anomaly,Low
2017-01-11 06:00:00,-1.97,80.6,986.7,2.49,162.3,1,0.1320825764084827,Pattern-Based Anomaly,Low
2017-01-11 06:10:00,-1.94,80.8,986.56,2.62,174.7,1,0.13361619622183007,Pattern-Based Anomaly,Low
2017-01-11 06:20:00,-1.97,80.5,986.55,2.79,160.7,1,0.13899850307134887,Pattern-Based Anomaly,Low
2017-01-11 06:30:00,-1.92,80.3,986.62,2.81,158.1,1,0.13016770953892548,Pattern-Based Anomaly,Low
2017-01-11 06:40:00,-1.88,79.8,986.51,1.95,162.7,1,0.14128286631342052,Pattern-Based Anomaly,Low
2017-01-11 06:50:00,-1.82,79.4,986.41,2.2,154.9,1,0.14247529679031884,Pattern-Based Anomaly,Low
2017-01-11 07:00:00,-1.77,78.7,986.28,1.73,190.0,1,0.14102121944629092,Pattern-Based Anomaly,Low
2017-01-11 07:10:00,-1.76,77.9,986.04,3.09,200.8,1,0.10524478272242305,Pattern-Based Anomaly,Low
2017-01-11 07:20:00,-1.76,78.1,985.97,2.04,199.9,1,0.1477093802926755,Pattern-Based Anomaly,Low
2017-01-11 07:30:00,-1.82,78.0,985.89,2.77,199.0,1,0.14202188748878491,Pattern-Based Anomaly,Low
2017-01-11 07:40:00,-1.89,78.4,985.77,2.9,209.6,1,0.13548927104553898,Pattern-Based Anomaly,Low
2017-01-11 07:50:00,-2.0,78.5,985.79,4.03,211.8,1,0.1294233475440239,Pattern-Based Anomaly,Low
2017-01-11 08:00:00,-2.07,78.9,985.59,3.88,205.4,1,0.11368612162426689,Pattern-Based Anomaly,Low
2017-01-11 08:10:00,-2.17,79.2,985.39,3.91,208.6,1,0.10568394591625568,Pattern-Based Anomaly,Low
2017-01-11 08:20:00,-2.31,79.6,985.47,3.84,199.4,1,0.12554662242876996,Pattern-Based Anomaly,Low
2017-01-11 08:30:00,-2.44,80.2,985.49,6.03,211.4,1,0.10746336943444479,Pattern-Based Anomaly,Low
2017-01-11 08:40:00,-2.54,80.8,985.51,5.66,206.4,1,0.11549864221723138,Pattern-Based Anomaly,Low
2017-01-11 08:50:00,-2.53,81.0,985.65,5.19,209.3,1,0.10719868339424743,Pattern-Based Anomaly,Low
2017-01-11 09:00:00,-2.48,80.9,985.59,4.91,207.1,1,0.12495134208857206,Pattern-Based Anomaly,Low
2017-01-11 09:10:00,-2.41,80.6,985.68,4.05,210.0,1,0.12627570074619865,Pattern-Based Anomaly,Low
2017-01-11 09:20:00,-2.33,80.5,985.64,2.96,193.0,1,0.13940000089013288,Pattern-Based Anomaly,Low
2017-01-11 09:30:00,-2.24,80.0,985.46,3.32,193.7,1,0.11859002324104978,Pattern-Based Anomaly,Low
2017-01-11 09:40:00,-2.2,79.7,985.39,4.43,184.0,1,0.13051291914110197,Pattern-Based Anomaly,Low
2017-01-11 09:50:00,-2.2,79.7,985.32,4.26,179.0,1,0.1338511508846963,Pattern-Based Anomaly,Low
2017-01-11 10:00:00,-2.25,79.8,985.15,4.49,191.6,1,0.1211658509209867,Pattern-Based Anomaly,Low
2017-01-11 10:10:00,-2.26,80.3,984.85,3.43,182.4,1,0.09325027483361326,Pattern-Based Anomaly,Low
2017-01-11 10:20:00,-2.26,80.5,984.64,3.95,179.5,1,0.09181074832597202,Pattern-Based Anomaly,Low
2017-01-11 10:30:00,-2.38,80.9,984.32,4.22,175.7,1,0.06453168845387092,Pattern-Based Anomaly,Low
2017-01-11 10:40:00,-2.4,81.0,983.91,5.05,179.7,1,0.0408031753784035,Pattern-Based Anomaly,Low
2017-01-11 10:50:00,-2.46,81.2,983.63,5.08,182.6,1,0.03937785407819583,Pattern-Based Anomaly,Low
2017-01-11 11:00:00,-2.42,81.3,983.46,5.39,185.3,1,0.05384082164309789,Pattern-Based Anomaly,Low
2017-01-11 11:10:00,-2.22,81.2,983.13,4.65,186.1,1,0.036030573558108125,Pattern-Based Anomaly,Low
2017-01-11 11:20:00,-2.1,80.7,982.95,5.33,183.1,1,0.049441305769037935,Pattern-Based Anomaly,Low
2017-01-11 11:30:00,-2.01,81.0,982.81,4.11,184.5,1,0.08170407188390827,Pattern-Based Anomaly,Low
2017-01-11 11:40:00,-2.03,81.0,982.57,5.73,178.6,1,0.05219911145644174,Pattern-Based Anomaly,Low
2017-01-11 11:50:00,-1.97,81.3,982.14,5.13,182.5,1,0.046321833103583177,Pattern-Based Anomaly,Low
2017-01-11 12:00:00,-1.85,80.9,981.68,5.48,181.3,1,0.026302244555585053,Pattern-Based Anomaly,Low
2017-01-11 12:10:00,-1.71,80.9,981.41,4.89,181.5,1,0.03527691581821513,Pattern-Based Anomaly,Low
2017-01-11 12:20:00,-1.66,80.7,980.96,5.27,181.5,1,0.02319582442814183,Pattern-Based Anomaly,Low
2017-01-11 12:30:00,-1.58,81.2,980.43,4.76,177.0,1,0.028386650734589236,Pattern-Based Anomaly,Low
2017-01-11 12:40:00,-1.44,81.4,980.27,4.54,171.2,1,0.051318250533958,Pattern-Based Anomaly,Low
2017-01-11 12:50:00,-1.21,81.3,979.96,3.95,170.5,1,0.03676406475676308,Pattern-Based Anomaly,Low
2017-01-11 13:00:00,-1.1,81.5,979.62,3.75,171.8,1,0.04002772620886064,Pattern-Based Anomaly,Low
2017-01-11 13:10:00,-1.03,81.6,979.12,4.44,170.1,1,0.03577688286140246,Pattern-Based Anomaly,Low
2017-01-11 13:20:00,-0.8,81.2,978.67,4.58,170.3,1,0.02451796384418803,Pattern-Based Anomaly,Low
2017-01-11 13:30:00,-0.53,81.2,978.23,4.22,181.8,1,0.026856462961356686,Pattern-Based Anomaly,Low
2017-01-11 13:40:00,-0.22,80.5,977.99,4.41,181.2,1,0.02817067942563367,Pattern-Based Anomaly,Low
2017-01-11 13:50:00,0.04,80.1,977.65,5.08,182.8,1,0.019100540285701406,Pattern-Based Anomaly,Low
2017-01-11 14:00:00,0.28,79.8,977.28,5.14,186.5,1,0.019841201905141825,Pattern-Based Anomaly,Low
2017-01-11 14:10:00,0.42,79.1,977.07,5.38,192.6,1,0.03300840338368949,Pattern-Based Anomaly,Low
2017-01-11 14:20:00,0.52,78.7,976.82,5.81,186.6,1,0.036117559568984436,Pattern-Based Anomaly,Low
2017-01-11 14:30:00,0.57,78.6,976.45,5.62,186.1,1,0.0346897645711326,Pattern-Based Anomaly,Low
2017-01-11 14:40:00,0.7,78.3,976.23,5.43,182.9,1,0.045488232550452534,Pattern-Based Anomaly,Low
2017-01-11 14:50:00,1.11,77.5,975.91,6.41,194.6,1,0.03378583368196264,Pattern-Based Anomaly,Low
2017-01-11 15:00:00,1.6,75.4,975.59,6.65,199.6,1,0.01710200777419868,Pattern-Based Anomaly,Low
2017-01-11 15:10:00,1.73,75.7,975.44,7.09,194.8,1,0.04851966719743683,Pattern-Based Anomaly,Low
2017-01-11 15:20:00,1.74,76.9,975.33,6.67,198.9,1,0.052462634478314785,Pattern-Based Anomaly,Low
2017-01-11 15:30:00,1.66,78.6,975.18,7.23,203.1,1,0.053107052086659334,Pattern-Based Anomaly,Low
2017-01-11 15:40:00,1.63,79.5,975.0,7.04,201.4,1,0.07278370677517626,Pattern-Based Anomaly,Low
2017-01-11 15:50:00,1.82,78.3,974.8,7.55,200.9,1,0.04242037139202148,Pattern-Based Anomaly,Low
2017-01-11 16:00:00,2.08,76.1,974.69,8.7,209.1,1,0.04724352562633216,Pattern-Based Anomaly,Low
2017-01-11 16:10:00,2.25,74.3,974.56,8.54,205.3,1,0.03913351035119672,Pattern-Based Anomaly,Low
2017-01-11 16:20:00,2.25,74.2,974.56,8.18,211.3,1,0.07659622721375559,Pattern-Based Anomaly,Low
2017-01-11 16:30:00,2.14,74.8,974.65,9.58,211.9,1,0.07140256228810288,Pattern-Based Anomaly,Low
2017-01-11 16:40:00,1.98,76.9,974.9,8.24,216.2,1,0.048242942956077006,Pattern-Based Anomaly,Low
2017-01-11 16:50:00,1.64,80.7,975.04,8.0,213.3,1,0.027358179274216132,Pattern-Based Anomaly,Low
2017-01-11 17:00:00,1.81,80.1,975.08,6.86,215.2,1,0.08238364589981978,Pattern-Based Anomaly,Low
2017-01-11 17:10:00,1.99,79.4,974.86,8.58,215.6,1,0.03641457433204065,Pattern-Based Anomaly,Low
2017-01-11 17:20:00,2.0,80.2,974.82,9.22,216.4,1,0.07936734685986035,Pattern-Based Anomaly,Low
2017-01-11 17:30:00,1.97,80.6,974.84,9.04,218.0,1,0.08745068968588005,Pattern-Based Anomaly,Low
2017-01-11 17:40:00,1.94,81.1,975.24,6.22,217.7,1,0.09088122024377754,Pattern-Based Anomaly,Low
2017-01-11 17:50:00,2.03,81.6,975.27,7.19,216.1,1,0.11274595077712835,Pattern-Based Anomaly,Low
2017-01-11 18:00:00,2.07,82.0,975.2,5.99,216.8,1,0.11624539205346857,Pattern-Based Anomaly,Low
2017-01-11 18:10:00,2.09,81.7,975.13,6.78,218.7,1,0.10603634988896382,Pattern-Based Anomaly,Low
2017-01-11 18:20:00,2.16,81.1,975.35,5.87,218.1,1,0.11009056589675104,Pattern-Based Anomaly,Low
2017-01-11 18:30:00,1.97,82.9,975.41,6.28,216.8,1,0.09254391545652707,Pattern-Based Anomaly,Low
2017-01-11 18:40:00,1.49,87.5,975.52,5.37,211.2,1,0.03985884672949802,Pattern-Based Anomaly,Low
2017-01-11 18:50:00,1.35,89.7,975.64,5.46,216.2,1,0.04740331394253838,Pattern-Based Anomaly,Low
2017-01-11 19:00:00,1.28,90.9,975.61,3.95,220.6,1,0.059551537343705,Pattern-Based Anomaly,Low
2017-01-11 19:10:00,1.32,91.5,975.54,2.62,231.7,1,0.0641857627332324,Pattern-Based Anomaly,Low
2017-01-11 19:20:00,1.55,91.6,975.4,3.04,225.0,1,0.06916565726153395,Pattern-Based Anomaly,Low
2017-01-11 19:30:00,1.7,90.5,975.42,2.64,236.8,1,0.12282125805077398,Pattern-Based Anomaly,Low
2017-01-11 19:40:00,1.83,90.2,975.36,2.19,244.2,1,0.12108971688027054,Pattern-Based Anomaly,Low
2017-01-11 19:50:00,2.06,89.3,975.65,2.22,244.4,1,0.08793950298495795,Pattern-Based Anomaly,Low
2017-01-11 20:00:00,2.23,88.8,975.85,2.03,238.8,1,0.09962590695372547,Pattern-Based Anomaly,Low
2017-01-11 20:10:00,2.48,87.7,975.97,2.2,234.4,1,0.09690761722630808,Pattern-Based Anomaly,Low
2017-01-11 20:20:00,2.7,86.7,976.06,1.74,236.8,1,0.09412419012992901,Pattern-Based Anomaly,Low
2017-01-11 20:30:00,2.84,86.4,976.2,1.92,241.6,1,0.09294278259572297,Pattern-Based Anomaly,Low
2017-01-11 20:40:00,3.0,86.0,976.32,2.02,244.1,1,0.10590243174675423,Pattern-Based Anomaly,Low
2017-01-11 20:50:00,3.3,84.6,976.46,3.19,244.8,1,0.09776923002718413,Pattern-Based Anomaly,Low
2017-01-11 21:00:00,3.56,83.1,976.66,3.33,254.5,1,0.07586402033540929,Pattern-Based Anomaly,Low
2017-01-11 21:10:00,3.64,82.7,976.8,2.82,255.4,1,0.09844628067183064,Pattern-Based Anomaly,Low
2017-01-11 21:20:00,3.64,82.4,976.98,2.6,254.9,1,0.09722902168044961,Pattern-Based Anomaly,Low
2017-01-11 21:30:00,3.61,82.4,977.17,3.89,261.8,1,0.09191317734091625,Pattern-Based Anomaly,Low
2017-01-11 21:40:00,3.57,81.9,977.39,3.73,259.7,1,0.09076257729775061,Pattern-Based Anomaly,Low
2017-01-11 21:50:00,3.67,80.0,977.46,3.33,260.9,1,0.09318180227514283,Pattern-Based Anomaly,Low
2017-01-11 22:00:00,3.55,79.9,977.5,3.93,256.9,1,0.1081299227265049,Pattern-Based Anomaly,Low
2017-01-11 22:10:00,3.45,80.2,977.54,2.8,260.5,1,0.1255584044977851,Pattern-Based Anomaly,Low
2017-01-11 22:20:00,3.48,79.7,977.55,3.34,259.8,1,0.12469278125907368,Pattern-Based Anomaly,Low
2017-01-11 22:30:00,3.55,78.7,977.52,2.92,252.7,1,0.1221926567019389,Pattern-Based Anomaly,Low
2017-01-11 22:40:00,3.53,78.6,977.64,2.73,256.6,1,0.11968093576273708,Pattern-Based Anomaly,Low
2017-01-11 22:50:00,3.65,77.4,977.79,3.05,259.8,1,0.10551211358497747,Pattern-Based Anomaly,Low
2017-01-11 23:00:00,3.77,76.6,977.83,2.85,250.7,1,0.11693951180086454,Pattern-Based Anomaly,Low
2017-01-11 23:10:00,3.88,75.8,977.92,2.04,241.6,1,0.11743516314167501,Pattern-Based Anomaly,Low
2017-01-11 23:20:00,3.79,76.2,977.95,1.21,254.1,1,0.12511995304192136,Pattern-Based Anomaly,Low
2017-01-11 23:30:00,3.64,76.9,978.02,1.44,238.0,1,0.11889329414633987,Pattern-Based Anomaly,Low
2017-01-11 23:40:00,3.59,77.3,978.18,1.29,248.9,1,0.10834850376067512,Pattern-Based Anomaly,Low
2017-01-11 23:50:00,3.54,77.8,978.34,1.34,204.6,1,0.11587924280900236,Pattern-Based Anomaly,Low
2017-01-12 00:00:00,3.57,77.6,978.54,1.5,277.8,1,0.09173467607635699,Pattern-Based Anomaly,Low
2017-01-12 00:10:00,3.65,76.6,978.65,2.09,247.6,1,0.09503622103084625,Pattern-Based Anomaly,Low
2017-01-12 00:20:00,3.79,75.4,978.65,1.12,248.5,1,0.0906310757656621,Pattern-Based Anomaly,Low
2017-01-12 00:30:00,3.77,75.2,978.64,1.61,187.0,1,0.11880909242905846,Pattern-Based Anomaly,Low
2017-01-12 00:40:00,3.73,75.1,978.7,2.17,241.6,1,0.11455537453492576,Pattern-Based Anomaly,Low
2017-01-12 00:50:00,3.71,74.7,978.75,2.16,233.4,1,0.11988192058636937,Pattern-Based Anomaly,Low
2017-01-12 01:00:00,3.73,74.3,978.81,1.86,222.1,1,0.1277677948615757,Pattern-Based Anomaly,Low
2017-01-12 01:10:00,3.81,73.4,979.01,1.71,243.0,1,0.10737783015015079,Pattern-Based Anomaly,Low
2017-01-12 01:20:00,3.91,73.0,979.34,2.51,259.0,1,0.08632171188617332,Pattern-Based Anomaly,Low
2017-01-12 01:30:00,3.11,79.2,979.95,3.19,286.4,-1,-0.006196086713778803,Pattern-Based Anomaly,Low
2017-01-12 01:40:00,2.01,87.2,979.88,1.91,255.7,-1,-0.03732214354899177,Pattern-Based Anomaly,Low
2017-01-12 01:50:00,1.86,88.7,979.92,1.75,239.5,1,0.007225264533613274,Pattern-Based Anomaly,Low
2017-01-12 02:00:00,1.64,90.1,979.96,2.59,251.4,1,0.004788741365300608,Pattern-Based Anomaly,Low
2017-01-12 02:10:00,1.66,90.7,980.1,1.15,249.5,1,0.029633721727738926,Pattern-Based Anomaly,Low
2017-01-12 02:20:00,1.69,90.5,980.5,2.17,257.6,1,0.03949904887170019,Pattern-Based Anomaly,Low
2017-01-12 02:30:00,1.46,90.5,980.63,1.36,303.5,1,0.0887526355249984,Pattern-Based Anomaly,Low
2017-01-12 02:40:00,1.25,91.3,980.93,1.29,280.1,1,0.07206903773395079,Pattern-Based Anomaly,Low
2017-01-12 02:50:00,0.95,91.8,980.95,2.56,242.9,1,0.10046154501705856,Pattern-Based Anomaly,Low
2017-01-12 03:00:00,1.01,92.6,981.08,2.53,261.4,1,0.10162073675190136,Pattern-Based Anomaly,Low
2017-01-12 03:10:00,1.0,92.5,981.08,2.13,255.7,1,0.13236188543805189,Pattern-Based Anomaly,Low
2017-01-12 03:20:00,1.11,92.5,981.18,1.98,240.3,1,0.13871265807527372,Pattern-Based Anomaly,Low
2017-01-12 03:30:00,1.23,92.2,981.18,1.23,226.2,1,0.14517120479254242,Pattern-Based Anomaly,Low
2017-01-12 03:40:00,1.42,91.2,981.04,0.97,206.8,1,0.132210082419762,Pattern-Based Anomaly,Low
2017-01-12 03:50:00,1.61,89.9,981.03,0.58,205.6,1,0.1244571149967722,Pattern-Based Anomaly,Low
2017-01-12 04:00:00,1.84,88.0,981.06,0.89,288.1,1,0.10053603791658644,Pattern-Based Anomaly,Low
2017-01-12 04:10:00,2.09,85.0,981.11,1.35,262.4,1,0.08076539626256274,Pattern-Based Anomaly,Low
2017-01-12 04:20:00,2.08,84.9,981.22,1.15,255.7,1,0.12016507743882227,Pattern-Based Anomaly,Low
2017-01-12 04:30:00,2.17,84.0,981.25,1.41,259.7,1,0.11717277241293061,Pattern-Based Anomaly,Low
2017-01-12 04:40:00,2.15,83.7,981.27,0.95,232.8,1,0.13606115762022358,Pattern-Based Anomaly,Low
2017-01-12 04:50:00,2.21,83.5,981.37,0.71,288.2,1,0.12696055349032453,Pattern-Based Anomaly,Low
2017-01-12 05:00:00,2.36,81.6,981.36,1.77,233.1,1,0.14055304417193454,Pattern-Based Anomaly,Low
2017-01-12 05:10:00,2.44,81.3,981.45,1.61,237.0,1,0.15178731203396456,Pattern-Based Anomaly,Low
2017-01-12 05:20:00,2.52,81.0,981.41,0.58,173.4,1,0.14664961483748007,Pattern-Based Anomaly,Low
2017-01-12 05:30:00,2.6,79.6,981.4,1.3,245.2,1,0.13700527843466698,Pattern-Based Anomaly,Low
2017-01-12 05:40:00,2.62,79.0,981.42,2.04,240.1,1,0.14036093305747155,Pattern-Based Anomaly,Low
2017-01-12 05:50:00,2.64,78.5,981.43,1.44,233.7,1,0.15081605513212926,Pattern-Based Anomaly,Low
2017-01-12 06:00:00,2.69,78.4,981.48,1.26,236.8,1,0.1487976362716794,Pattern-Based Anomaly,Low
2017-01-12 06:10:00,2.76,77.3,981.5,1.79,232.3,1,0.14351017769339436,Pattern-Based Anomaly,Low
2017-01-12 06:20:00,2.78,77.0,981.57,1.24,248.7,1,0.14489750522635758,Pattern-Based Anomaly,Low
2017-01-12 06:30:00,2.84,76.1,981.73,1.48,235.1,1,0.13782154783553335,Pattern-Based Anomaly,Low
2017-01-12 06:40:00,2.93,75.3,981.72,1.13,209.4,1,0.15452909548568006,Pattern-Based Anomaly,Low
2017-01-12 06:50:00,3.0,74.4,981.84,1.44,230.9,1,0.139396764669585,Pattern-Based Anomaly,Low
2017-01-12 07:00:00,3.09,73.3,981.97,2.28,226.6,1,0.14198268071815523,Pattern-Based Anomaly,Low
2017-01-12 07:10:00,3.16,73.0,982.02,2.53,223.1,1,0.14902697645511048,Pattern-Based Anomaly,Low
2017-01-12 07:20:00,3.22,72.3,982.12,1.97,216.4,1,0.15018159023293126,Pattern-Based Anomaly,Low
2017-01-12 07:30:00,3.2,72.6,982.14,1.51,220.6,1,0.15907728582532132,Pattern-Based Anomaly,Low
2017-01-12 07:40:00,3.22,72.0,982.14,1.73,220.4,1,0.15792595992830893,Pattern-Based Anomaly,Low
2017-01-12 07:50:00,3.3,71.1,982.28,2.33,233.1,1,0.1363140066773656,Pattern-Based Anomaly,Low
2017-01-12 08:00:00,3.3,71.4,982.37,1.78,245.2,1,0.14776909644674235,Pattern-Based Anomaly,Low
2017-01-12 08:10:00,3.25,71.5,982.44,1.98,248.6,1,0.14790175656499072,Pattern-Based Anomaly,Low
2017-01-12 08:20:00,3.27,71.3,982.49,1.9,227.5,1,0.14991463961642598,Pattern-Based Anomaly,Low
2017-01-12 08:30:00,3.29,70.9,982.58,2.4,239.7,1,0.1404107418642746,Pattern-Based Anomaly,Low
2017-01-12 08:40:00,3.33,70.2,982.5,3.51,225.6,1,0.14367036265820887,Pattern-Based Anomaly,Low
2017-01-12 08:50:00,3.33,70.5,982.57,2.27,232.1,1,0.1570167111132565,Pattern-Based Anomaly,Low
2017-01-12 09:00:00,3.32,70.5,982.61,2.8,219.3,1,0.1565206405023884,Pattern-Based Anomaly,Low
2017-01-12 09:10:00,3.32,70.8,982.76,3.51,209.8,1,0.12700559229521347,Pattern-Based Anomaly,Low
2017-01-12 09:20:00,3.32,71.2,982.75,4.33,213.6,1,0.1421141656105317,Pattern-Based Anomaly,Low
2017-01-12 09:30:00,3.3,71.6,982.84,1.99,224.5,1,0.14875252039379172,Pattern-Based Anomaly,Low
2017-01-12 09:40:00,3.42,71.0,982.92,1.36,223.9,1,0.15432277870884714,Pattern-Based Anomaly,Low
2017-01-12 09:50:00,3.51,70.2,982.95,2.25,218.4,1,0.15639352454868077,Pattern-Based Anomaly,Low
2017-01-12 10:00:00,3.47,70.6,983.01,2.57,221.3,1,0.1632745019038001,Pattern-Based Anomaly,Low
2017-01-12 10:10:00,3.53,70.4,983.0,2.41,224.0,1,0.16368213255342107,Pattern-Based Anomaly,Low
2017-01-12 10:20:00,3.56,70.4,982.9,3.9,221.0,1,0.1501392212020865,Pattern-Based Anomaly,Low
2017-01-12 10:30:00,3.7,70.4,982.87,3.79,220.8,1,0.1426894393560098,Pattern-Based Anomaly,Low
2017-01-12 10:40:00,3.93,69.55,982.95,3.73,226.0,1,0.13627807660228292,Pattern-Based Anomaly,Low
2017-01-12 10:50:00,4.05,68.57,982.91,4.38,220.9,1,0.1376681150679977,Pattern-Based Anomaly,Low
2017-01-12 11:00:00,4.22,67.99,982.85,3.11,225.0,1,0.14942524065646584,Pattern-Based Anomaly,Low
2017-01-12 11:10:00,3.98,68.58,982.91,3.21,230.1,1,0.143966940299894,Pattern-Based Anomaly,Low
2017-01-12 11:20:00,3.99,68.69,982.91,2.43,221.4,1,0.16207299524359237,Pattern-Based Anomaly,Low
2017-01-12 11:30:00,4.28,67.04,982.89,3.5,223.7,1,0.13378760846800325,Pattern-Based Anomaly,Low
2017-01-12 11:40:00,4.33,66.52,982.77,2.55,213.7,1,0.15181715198204,Pattern-Based Anomaly,Low
2017-01-12 11:50:00,4.64,64.84,982.66,2.67,216.6,1,0.13798193628661093,Pattern-Based Anomaly,Low
2017-01-12 12:00:00,4.98,63.21,982.54,3.17,224.8,1,0.11819727763732601,Pattern-Based Anomaly,Low
2017-01-12 12:10:00,5.04,62.23,982.28,4.76,216.9,1,0.08319170302735346,Pattern-Based Anomaly,Low
2017-01-12 12:20:00,4.91,62.24,982.29,4.06,221.6,1,0.12422812933209176,Pattern-Based Anomaly,Low
2017-01-12 12:30:00,4.6,62.55,982.25,3.5,227.2,1,0.13447176943070688,Pattern-Based Anomaly,Low
2017-01-12 12:40:00,4.53,63.35,982.25,3.59,222.1,1,0.14200221481674252,Pattern-Based Anomaly,Low
2017-01-12 12:50:00,4.8,62.9,982.16,3.29,225.7,1,0.13797653996142267,Pattern-Based Anomaly,Low
2017-01-12 13:00:00,4.92,62.52,982.06,3.83,222.3,1,0.13622224733616084,Pattern-Based Anomaly,Low
2017-01-12 13:10:00,4.67,63.53,982.05,3.36,216.0,1,0.13919590675327193,Pattern-Based Anomaly,Low
2017-01-12 13:20:00,4.61,63.97,982.01,3.15,214.1,1,0.152691232062811,Pattern-Based Anomaly,Low
2017-01-12 13:30:00,4.55,64.11,981.88,5.02,210.8,1,0.13144610983454103,Pattern-Based Anomaly,Low
2017-01-12 13:40:00,4.38,64.59,981.71,5.47,211.1,1,0.11486737680257791,Pattern-Based Anomaly,Low
2017-01-12 13:50:00,4.32,64.74,981.7,3.68,211.1,1,0.14582917677115775,Pattern-Based Anomaly,Low
2017-01-12 14:00:00,4.27,64.34,981.64,3.08,226.6,1,0.14712571296207627,Pattern-Based Anomaly,Low
2017-01-12 14:10:00,4.1,64.69,981.59,2.83,225.4,1,0.1414847873736847,Pattern-Based Anomaly,Low
2017-01-12 14:20:00,4.08,64.0,981.51,2.12,230.6,1,0.14235428102160458,Pattern-Based Anomaly,Low
2017-01-12 14:30:00,4.07,64.52,981.42,1.62,226.5,1,0.14338757639802557,Pattern-Based Anomaly,Low
2017-01-12 14:40:00,3.99,65.63,981.35,2.19,213.3,1,0.14447505143523154,Pattern-Based Anomaly,Low
2017-01-12 14:50:00,3.94,66.18,981.21,1.93,221.1,1,0.13968834268537328,Pattern-Based Anomaly,Low
2017-01-12 15:00:00,3.94,66.24,981.08,1.27,215.4,1,0.14163590706085538,Pattern-Based Anomaly,Low
2017-01-12 15:10:00,3.98,66.19,980.91,2.0,208.9,1,0.12897007872342942,Pattern-Based Anomaly,Low
2017-01-12 15:20:00,3.89,65.9,980.89,2.57,217.0,1,0.14838870874873417,Pattern-Based Anomaly,Low
2017-01-12 15:30:00,3.87,65.97,980.86,1.88,215.6,1,0.1488548777926023,Pattern-Based Anomaly,Low
2017-01-12 15:40:00,3.88,65.57,980.86,1.52,233.8,1,0.14405103161674848,Pattern-Based Anomaly,Low
2017-01-12 15:50:00,3.93,65.56,980.61,1.0,199.0,1,0.11319490125432125,Pattern-Based Anomaly,Low
2017-01-12 16:00:00,3.9,65.34,980.51,2.04,215.7,1,0.13901277040861254,Pattern-Based Anomaly,Low
2017-01-12 16:10:00,3.91,65.5,980.4,0.78,200.1,1,0.12972421856831845,Pattern-Based Anomaly,Low
2017-01-12 16:20:00,3.84,65.98,980.4,2.1,198.0,1,0.1396003132104976,Pattern-Based Anomaly,Low
2017-01-12 16:30:00,3.81,66.32,980.34,2.52,191.0,1,0.14505075227080794,Pattern-Based Anomaly,Low
2017-01-12 16:40:00,3.79,66.72,980.16,2.29,189.8,1,0.12913118993867595,Pattern-Based Anomaly,Low
2017-01-12 16:50:00,3.75,67.48,979.99,1.65,186.0,1,0.1310099259360571,Pattern-Based Anomaly,Low
2017-01-12 17:00:00,3.68,68.31,979.83,1.65,179.7,1,0.12204430150552231,Pattern-Based Anomaly,Low
2017-01-12 17:10:00,3.58,68.71,979.59,2.37,174.3,1,0.10188883349462718,Pattern-Based Anomaly,Low
2017-01-12 17:20:00,3.26,70.6,979.4,2.54,182.3,1,0.0866235146178837,Pattern-Based Anomaly,Low
2017-01-12 17:30:00,3.03,71.0,979.18,2.71,205.1,1,0.08537880832364281,Pattern-Based Anomaly,Low
2017-01-12 17:40:00,2.9,71.5,978.86,3.1,216.9,1,0.07823260577305996,Pattern-Based Anomaly,Low
2017-01-12 17:50:00,2.87,71.8,978.81,3.27,219.0,1,0.10745619785010213,Pattern-Based Anomaly,Low
2017-01-12 18:00:00,2.84,72.2,978.77,2.66,221.4,1,0.11779403632798818,Pattern-Based Anomaly,Low
2017-01-12 18:10:00,2.87,72.3,978.55,2.08,207.4,1,0.1042362271173744,Pattern-Based Anomaly,Low
2017-01-12 18:20:00,2.9,72.5,978.43,1.79,203.0,1,0.12795123878249953,Pattern-Based Anomaly,Low
2017-01-12 18:30:00,2.82,73.9,978.3,2.03,185.0,1,0.11084165013217284,Pattern-Based Anomaly,Low
2017-01-12 18:40:00,2.82,74.4,978.02,2.66,185.5,1,0.10125838729946829,Pattern-Based Anomaly,Low
2017-01-12 18:50:00,2.86,74.9,977.77,2.68,195.9,1,0.09258355508073746,Pattern-Based Anomaly,Low
2017-01-12 19:00:00,2.93,75.0,977.47,3.39,204.8,1,0.0762424113168591,Pattern-Based Anomaly,Low
2017-01-12 19:10:00,2.93,75.9,977.23,3.17,193.9,1,0.06831760088945665,Pattern-Based Anomaly,Low
2017-01-12 19:20:00,2.89,76.1,976.91,2.09,183.3,1,0.06388440057159606,Pattern-Based Anomaly,Low
2017-01-12 19:30:00,2.73,76.2,976.64,1.79,184.5,1,0.061077191085270544,Pattern-Based Anomaly,Low
2017-01-12 19:40:00,2.48,77.7,976.27,2.23,181.0,1,0.04407534724368756,Pattern-Based Anomaly,Low
2017-01-12 19:50:00,2.34,79.3,976.0,3.1,191.8,1,0.045743465357175106,Pattern-Based Anomaly,Low
2017-01-12 20:00:00,2.29,80.6,975.54,1.94,183.0,1,0.046380179080673045,Pattern-Based Anomaly,Low
2017-01-12 20:10:00,2.21,81.3,975.39,2.5,192.7,1,0.06082802629608508,Pattern-Based Anomaly,Low
2017-01-12 20:20:00,2.19,81.7,974.99,2.9,191.8,1,0.04949073374470858,Pattern-Based Anomaly,Low
2017-01-12 20:30:00,2.13,82.3,974.56,2.18,191.5,1,0.047275102114127776,Pattern-Based Anomaly,Low
2017-01-12 20:40:00,2.19,82.8,974.18,2.32,184.2,1,0.0497572934673054,Pattern-Based Anomaly,Low
2017-01-12 20:50:00,2.14,83.1,973.85,2.64,194.4,1,0.04903385027103635,Pattern-Based Anomaly,Low
2017-01-12 21:00:00,2.16,83.3,973.74,2.49,192.5,1,0.07348347986472387,Pattern-Based Anomaly,Low
2017-01-12 21:10:00,2.23,83.1,973.5,2.3,177.8,1,0.04628763108406375,Pattern-Based Anomaly,Low
2017-01-12 21:20:00,2.26,83.2,973.32,2.09,183.2,1,0.06916833522697302,Pattern-Based Anomaly,Low
2017-01-12 21:30:00,2.3,83.5,973.07,1.81,177.5,1,0.06246121461866905,Pattern-Based Anomaly,Low
2017-01-12 21:40:00,2.33,84.1,972.79,1.45,171.4,1,0.06366390427442359,Pattern-Based Anomaly,Low
2017-01-12 21:50:00,2.39,84.4,972.53,1.79,172.0,1,0.06707804075082474,Pattern-Based Anomaly,Low
2017-01-12 22:00:00,2.33,84.7,972.26,2.39,180.4,1,0.05836318319123779,Pattern-Based Anomaly,Low
2017-01-12 22:10:00,2.28,85.5,971.91,2.76,174.3,1,0.0468966859991059,Pattern-Based Anomaly,Low
2017-01-12 22:20:00,2.21,86.5,971.66,2.65,180.3,1,0.03858396118213958,Pattern-Based Anomaly,Low
2017-01-12 22:30:00,2.08,87.6,971.29,2.69,178.6,1,0.03498933301876572,Pattern-Based Anomaly,Low
2017-01-12 22:40:00,1.93,88.5,970.94,3.26,179.6,1,0.03252857164033751,Pattern-Based Anomaly,Low
2017-01-12 22:50:00,1.73,90.1,970.55,2.03,178.8,1,0.022927435701323384,Pattern-Based Anomaly,Low
2017-01-12 23:00:00,1.59,91.3,970.13,2.05,192.7,1,0.014794213716579296,Pattern-Based Anomaly,Low
2017-01-12 23:10:00,1.46,92.3,969.72,1.96,188.0,1,0.01960719936724431,Pattern-Based Anomaly,Low
2017-01-12 23:20:00,1.37,92.8,969.24,2.4,190.9,1,0.01699498234751018,Pattern-Based Anomaly,Low
2017-01-12 23:30:00,1.29,93.1,968.79,2.45,194.3,1,0.016420175265229875,Pattern-Based Anomaly,Low
2017-01-12 23:40:00,1.38,93.5,968.34,2.08,182.6,1,0.025857232254887452,Pattern-Based Anomaly,Low
2017-01-12 23:50:00,1.34,93.4,968.08,2.18,194.3,1,0.019606267437645264,Pattern-Based Anomaly,Low
2017-01-13 00:00:00,1.35,93.7,967.83,2.04,192.2,1,0.013042321711086546,Pattern-Based Anomaly,Low
2017-01-13 00:10:00,1.41,93.7,967.41,2.36,178.9,1,0.0040134252686025995,Pattern-Based Anomaly,Low
2017-01-13 00:20:00,1.46,93.6,967.1,2.42,175.7,1,0.00348364510852317,Pattern-Based Anomaly,Low
2017-01-13 00:30:00,1.49,93.7,966.66,2.77,174.8,-1,-0.0010426525099298534,Pattern-Based Anomaly,Low
2017-01-13 00:40:00,1.54,93.4,966.27,3.48,175.1,-1,-0.012999103158174097,Pattern-Based Anomaly,Low
2017-01-13 00:50:00,1.55,93.2,965.91,3.58,178.5,-1,-0.011819828741108762,Pattern-Based Anomaly,Low
2017-01-13 01:00:00,1.54,93.3,965.42,2.77,177.7,1,0.002661799388948838,Pattern-Based Anomaly,Low
2017-01-13 01:10:00,1.53,93.6,964.93,3.06,181.2,-1,-0.003707583337471454,Pattern-Based Anomaly,Low
2017-01-13 01:20:00,1.48,93.6,964.62,2.55,189.7,-1,-0.0006278210262192774,Pattern-Based Anomaly,Low
2017-01-13 01:30:00,1.5,93.5,964.29,3.01,180.0,-1,-0.002559834917004067,Pattern-Based Anomaly,Low
2017-01-13 01:40:00,1.53,93.4,963.82,3.26,174.3,-1,-0.011224130028977486,Pattern-Based Anomaly,Low
2017-01-13 01:50:00,1.53,93.3,963.25,4.03,175.5,-1,-0.01604284797260125,Pattern-Based Anomaly,Low
2017-01-13 02:00:00,1.7,93.1,963.05,4.58,186.8,-1,-0.01574165298330743,Pattern-Based Anomaly,Low
2017-01-13 02:10:00,1.9,91.7,962.6,4.72,178.8,-1,-0.019859244295919787,Pattern-Based Anomaly,Low
2017-01-13 02:20:00,2.08,90.7,962.17,5.09,179.0,-1,-0.02616431519375617,Pattern-Based Anomaly,Low
2017-01-13 02:30:00,2.21,90.0,961.7,4.54,177.5,-1,-0.0029071794840921372,Pattern-Based Anomaly,Low
2017-01-13 02:40:00,2.36,89.4,961.24,6.0,175.9,-1,-0.014932422411832014,Pattern-Based Anomaly,Low
2017-01-13 02:50:00,2.52,88.9,960.99,5.51,175.7,-1,-0.013064377227329227,Pattern-Based Anomaly,Low
2017-01-13 03:00:00,2.68,88.6,960.73,5.12,187.8,-1,-0.01057097267572693,Pattern-Based Anomaly,Low
2017-01-13 03:10:00,3.14,87.4,960.56,7.02,180.2,-1,-0.015794497583625278,Pattern-Based Anomaly,Low
2017-01-13 03:20:00,3.41,85.9,960.43,4.93,189.8,1,0.022724347378834886,Pattern-Based Anomaly,Low
2017-01-13 03:30:00,3.54,85.6,960.25,4.94,185.7,1,0.0323325527506807,Pattern-Based Anomaly,Low
2017-01-13 03:40:00,3.78,84.0,959.64,4.5,187.3,-1,-0.003544779600865078,Pattern-Based Anomaly,Low
2017-01-13 03:50:00,3.91,83.2,959.25,4.78,182.4,-1,-0.013815492240879745,Pattern-Based Anomaly,Low
2017-01-13 04:00:00,3.95,83.2,958.77,5.49,183.7,-1,-0.015558001680018974,Pattern-Based Anomaly,Low
2017-01-13 04:10:00,4.2,81.1,958.62,7.32,201.4,-1,-0.00818743058384952,Pattern-Based Anomaly,Low
2017-01-13 04:20:00,3.97,80.2,958.69,10.07,219.4,-1,-0.027141905945987532,Pattern-Based Anomaly,Low
2017-01-13 04:30:00,3.48,81.8,958.11,7.27,208.7,-1,-0.030293582043900202,Pattern-Based Anomaly,Low
2017-01-13 04:40:00,4.13,72.8,957.58,10.31,210.2,-1,-0.0887051011167973,Pattern-Based Anomaly,Low
2017-01-13 04:50:00,4.87,65.45,957.4,11.33,213.1,-1,-0.09608022283697593,Pattern-Based Anomaly,Low
2017-01-13 05:00:00,5.1,63.28,957.16,13.18,208.5,-1,-0.0824083545312353,Pattern-Based Anomaly,Low
2017-01-13 05:10:00,5.09,62.96,956.98,11.84,208.1,-1,-0.0703131792988495,Pattern-Based Anomaly,Low
2017-01-13 05:20:00,4.99,62.85,956.91,12.79,215.4,-1,-0.04759084655901169,Pattern-Based Anomaly,Low
2017-01-13 05:30:00,4.71,64.25,957.13,13.64,216.5,-1,-0.0336408035266359,Pattern-Based Anomaly,Low
2017-01-13 05:40:00,4.15,67.86,957.58,13.31,214.9,-1,-0.05038769355997341,Pattern-Based Anomaly,Low
2017-01-13 05:50:00,3.58,72.5,957.89,11.61,214.5,-1,-0.08143934676031694,Pattern-Based Anomaly,Low
2017-01-13 06:00:00,3.2,75.1,958.03,10.99,216.5,-1,-0.07249575412218168,Pattern-Based Anomaly,Low
2017-01-13 06:10:00,3.05,76.4,958.25,9.56,212.2,-1,-0.06298019973998248,Pattern-Based Anomaly,Low
2017-01-13 06:20:00,2.91,76.6,958.44,9.45,212.6,-1,-0.05078545683524871,Pattern-Based Anomaly,Low
2017-01-13 06:30:00,2.75,76.8,958.64,9.03,211.7,-1,-0.019065881447356214,Pattern-Based Anomaly,Low
2017-01-13 06:40:00,2.58,77.5,958.86,8.47,212.5,1,0.0004704246893005859,Pattern-Based Anomaly,Low
2017-01-13 06:50:00,2.52,77.5,959.1,9.28,215.6,1,0.011007801368000725,Pattern-Based Anomaly,Low
2017-01-13 07:00:00,2.43,77.8,959.22,8.54,212.2,1,0.015898359272994433,Pattern-Based Anomaly,Low
2017-01-13 07:10:00,2.37,78.3,959.33,9.47,209.7,1,0.024062038540435315,Pattern-Based Anomaly,Low
2017-01-13 07:20:00,2.21,79.3,959.5,10.42,212.7,1,0.008797887081170352,Pattern-Based Anomaly,Low
2017-01-13 07:30:00,2.1,80.3,959.75,8.11,213.7,1,0.0084449985877737,Pattern-Based Anomaly,Low
2017-01-13 07:40:00,1.97,81.3,959.83,7.76,207.3,1,0.02386614316993585,Pattern-Based Anomaly,Low
2017-01-13 07:50:00,1.93,81.6,959.95,8.33,206.7,1,0.01659046423529631,Pattern-Based Anomaly,Low
2017-01-13 08:00:00,1.99,80.9,960.2,8.05,208.7,1,0.017365649899154123,Pattern-Based Anomaly,Low
2017-01-13 08:10:00,2.11,79.1,960.57,6.41,213.9,1,0.004991130696720969,Pattern-Based Anomaly,Low
2017-01-13 08:20:00,2.2,78.1,960.97,5.36,214.3,1,0.0060227386845964626,Pattern-Based Anomaly,Low
2017-01-13 08:30:00,2.18,78.2,961.26,5.81,210.1,-1,-0.0017819791710427246,Pattern-Based Anomaly,Low
2017-01-13 08:40:00,2.08,79.3,961.47,6.14,209.1,-1,-0.00035793940005601765,Pattern-Based Anomaly,Low
2017-01-13 08:50:00,1.9,80.7,961.69,4.89,219.9,1,0.008598444297456376,Pattern-Based Anomaly,Low
2017-01-13 09:00:00,1.9,80.8,961.93,4.55,212.2,1,0.032206561444296344,Pattern-Based Anomaly,Low
2017-01-13 09:10:00,1.85,81.2,962.25,4.43,217.0,1,0.028975079887815558,Pattern-Based Anomaly,Low
2017-01-13 09:20:00,1.69,82.6,962.47,4.86,216.7,1,0.02304175856712254,Pattern-Based Anomaly,Low
2017-01-13 09:30:00,1.66,82.0,962.68,4.66,222.2,1,0.03952104911710197,Pattern-Based Anomaly,Low
2017-01-13 09:40:00,1.44,83.4,962.98,4.19,228.6,1,0.013850715788948809,Pattern-Based Anomaly,Low
2017-01-13 09:50:00,1.06,86.1,963.16,3.43,227.2,1,0.013887275017733347,Pattern-Based Anomaly,Low
2017-01-13 10:00:00,0.84,88.3,963.38,2.41,225.0,1,0.017937233153256793,Pattern-Based Anomaly,Low
2017-01-13 10:10:00,0.85,88.7,963.63,3.36,223.2,1,0.03453668571504598,Pattern-Based Anomaly,Low
2017-01-13 10:20:00,1.03,87.2,964.0,2.88,240.3,1,0.015387737469964358,Pattern-Based Anomaly,Low
2017-01-13 10:30:00,1.24,85.3,964.35,3.93,232.4,1,0.010005557985315328,Pattern-Based Anomaly,Low
2017-01-13 10:40:00,1.35,84.2,964.71,4.2,242.3,1,0.009484447477254854,Pattern-Based Anomaly,Low
2017-01-13 10:50:00,1.38,84.3,964.84,4.04,241.4,1,0.03258337401335498,Pattern-Based Anomaly,Low
2017-01-13 11:00:00,1.36,84.9,965.02,4.52,249.9,1,0.0301983144125616,Pattern-Based Anomaly,Low
2017-01-13 11:10:00,1.33,85.6,965.29,4.08,248.5,1,0.036145863853638494,Pattern-Based Anomaly,Low
2017-01-13 11:20:00,1.23,86.0,965.72,4.31,261.2,1,0.04265862829002909,Pattern-Based Anomaly,Low
2017-01-13 11:30:00,1.26,85.8,966.0,4.98,249.4,1,0.03371094791072604,Pattern-Based Anomaly,Low
2017-01-13 11:40:00,1.24,85.9,966.26,4.8,253.6,1,0.027850768857595076,Pattern-Based Anomaly,Low
2017-01-13 11:50:00,1.16,86.7,966.51,4.91,263.4,1,0.023625538194800177,Pattern-Based Anomaly,Low
2017-01-13 12:00:00,1.09,87.2,966.74,4.53,257.7,1,0.038130241766351713,Pattern-Based Anomaly,Low
2017-01-13 12:10:00,1.07,87.4,966.96,5.21,265.1,1,0.057725725735762956,Pattern-Based Anomaly,Low
2017-01-13 12:20:00,1.07,87.6,967.25,4.27,259.3,1,0.06210418017379471,Pattern-Based Anomaly,Low
2017-01-13 12:30:00,1.1,87.5,967.57,3.83,260.5,1,0.04902354873800674,Pattern-Based Anomaly,Low
2017-01-13 12:40:00,1.25,86.4,967.84,3.97,255.8,1,0.03025618702574817,Pattern-Based Anomaly,Low
2017-01-13 12:50:00,1.41,84.8,968.06,4.33,258.0,1,0.03327067207888201,Pattern-Based Anomaly,Low
2017-01-13 13:00:00,1.54,83.4,968.33,4.41,269.1,1,0.03806766068169465,Pattern-Based Anomaly,Low
2017-01-13 13:10:00,1.69,82.1,968.59,4.54,258.4,1,0.0336660807050676,Pattern-Based Anomaly,Low
2017-01-13 13:20:00,1.74,81.5,968.87,4.32,256.8,1,0.055664161277496405,Pattern-Based Anomaly,Low
2017-01-13 13:30:00,1.78,81.2,969.09,4.36,261.1,1,0.06640127760344872,Pattern-Based Anomaly,Low
2017-01-13 13:40:00,1.92,79.9,969.31,3.16,256.3,1,0.06460216761673832,Pattern-Based Anomaly,Low
2017-01-13 13:50:00,2.07,78.4,969.61,4.09,257.6,1,0.049902092633359096,Pattern-Based Anomaly,Low
2017-01-13 14:00:00,2.17,77.0,969.88,4.47,262.2,1,0.04794385028596737,Pattern-Based Anomaly,Low
2017-01-13 14:10:00,2.2,77.1,970.0,4.2,262.1,1,0.07071489111060852,Pattern-Based Anomaly,Low
2017-01-13 14:20:00,2.2,76.9,970.16,3.75,257.0,1,0.07517833699644971,Pattern-Based Anomaly,Low
2017-01-13 14:30:00,2.17,77.2,970.47,3.16,264.4,1,0.0752586339774069,Pattern-Based Anomaly,Low
2017-01-13 14:40:00,2.13,76.7,970.69,3.9,267.9,1,0.08323051826316452,Pattern-Based Anomaly,Low
2017-01-13 14:50:00,2.2,75.9,970.87,3.15,275.1,1,0.08333793579918897,Pattern-Based Anomaly,Low
2017-01-13 15:00:00,2.2,75.9,970.98,3.2,267.7,1,0.09632860131784449,Pattern-Based Anomaly,Low
2017-01-13 15:10:00,2.12,77.2,971.29,2.69,257.3,1,0.06130687682031555,Pattern-Based Anomaly,Low
2017-01-13 15:20:00,2.01,78.4,971.58,2.66,247.6,1,0.06311951058335818,Pattern-Based Anomaly,Low
2017-01-13 15:30:00,2.0,78.2,971.85,3.06,261.9,1,0.07071703613722824,Pattern-Based Anomaly,Low
2017-01-13 15:40:00,1.95,78.2,972.09,3.14,271.1,1,0.0724688319067503,Pattern-Based Anomaly,Low
2017-01-13 15:50:00,1.93,78.0,972.32,2.89,265.8,1,0.07105735562904536,Pattern-Based Anomaly,Low
2017-01-13 16:00:00,1.89,78.0,972.47,3.56,264.4,1,0.07216523798950908,Pattern-Based Anomaly,Low
2017-01-13 16:10:00,1.82,77.8,972.55,3.54,257.3,1,0.08655862356346644,Pattern-Based Anomaly,Low
2017-01-13 16:20:00,1.77,77.8,972.73,2.64,256.6,1,0.09531200531425665,Pattern-Based Anomaly,Low
2017-01-13 16:30:00,1.7,78.2,972.92,2.4,245.6,1,0.09228407475535272,Pattern-Based Anomaly,Low
2017-01-13 16:40:00,1.67,78.4,973.04,3.26,264.5,1,0.10124250211489716,Pattern-Based Anomaly,Low
2017-01-13 16:50:00,1.67,77.8,973.07,3.07,259.4,1,0.12361735266929719,Pattern-Based Anomaly,Low
2017-01-13 17:00:00,1.72,77.5,973.25,2.15,263.3,1,0.11021496667042602,Pattern-Based Anomaly,Low
2017-01-13 17:10:00,1.73,77.3,973.52,2.27,250.4,1,0.09430477170304608,Pattern-Based Anomaly,Low
2017-01-13 17:20:00,1.66,77.2,973.76,2.28,252.3,1,0.09456321899398762,Pattern-Based Anomaly,Low
2017-01-13 17:30:00,1.7,76.3,973.76,2.81,259.2,1,0.10700765138467894,Pattern-Based Anomaly,Low
2017-01-13 17:40:00,1.69,76.0,973.76,3.12,259.1,1,0.11392470261597021,Pattern-Based Anomaly,Low
2017-01-13 17:50:00,1.67,76.2,973.89,2.04,255.4,1,0.11606629811106456,Pattern-Based Anomaly,Low
2017-01-13 18:00:00,1.66,76.2,974.07,2.08,268.2,1,0.11968437682664784,Pattern-Based Anomaly,Low
2017-01-13 18:10:00,1.61,76.5,974.17,2.39,253.2,1,0.12376698609265718,Pattern-Based Anomaly,Low
2017-01-13 18:20:00,1.58,76.6,974.22,2.46,261.2,1,0.12416560853304448,Pattern-Based Anomaly,Low
2017-01-13 18:30:00,1.56,76.4,974.29,1.86,258.1,1,0.11981585730933203,Pattern-Based Anomaly,Low
2017-01-13 18:40:00,1.58,76.4,974.4,1.72,256.0,1,0.11956260854391249,Pattern-Based Anomaly,Low
2017-01-13 18:50:00,1.53,76.8,974.51,1.57,252.4,1,0.12032482532306016,Pattern-Based Anomaly,Low
2017-01-13 19:00:00,1.49,76.9,974.64,2.45,243.0,1,0.11415127662376462,Pattern-Based Anomaly,Low
2017-01-13 19:10:00,1.47,76.8,974.68,2.91,262.4,1,0.12157584553842693,Pattern-Based Anomaly,Low
2017-01-13 19:20:00,1.49,76.6,974.64,2.6,268.5,1,0.1185957612986982,Pattern-Based Anomaly,Low
2017-01-13 19:30:00,1.47,77.1,974.65,1.75,272.2,1,0.11971279300761128,Pattern-Based Anomaly,Low
2017-01-13 19:40:00,1.44,77.5,974.64,1.6,267.2,1,0.12500245168216323,Pattern-Based Anomaly,Low
2017-01-13 19:50:00,1.35,77.4,974.73,2.16,259.0,1,0.11304045474780988,Pattern-Based Anomaly,Low
2017-01-13 20:00:00,1.33,76.8,974.79,2.12,246.4,1,0.12180849314509334,Pattern-Based Anomaly,Low
2017-01-13 20:10:00,1.34,76.1,974.96,1.81,254.4,1,0.11285469261563963,Pattern-Based Anomaly,Low
2017-01-13 20:20:00,1.22,75.5,974.99,1.7,245.0,1,0.12531565665413696,Pattern-Based Anomaly,Low
2017-01-13 20:30:00,1.06,75.2,974.98,2.63,262.0,1,0.11987461795345322,Pattern-Based Anomaly,Low
2017-01-13 20:40:00,0.89,75.7,974.96,1.73,257.1,1,0.12043414510199701,Pattern-Based Anomaly,Low
2017-01-13 20:50:00,0.75,76.6,975.0,1.57,233.6,1,0.12127475962306605,Pattern-Based Anomaly,Low
2017-01-13 21:00:00,0.65,76.4,975.1,1.29,228.8,1,0.11418935976079486,Pattern-Based Anomaly,Low
2017-01-13 21:10:00,0.49,76.3,975.14,1.7,228.2,1,0.11559405205828949,Pattern-Based Anomaly,Low
2017-01-13 21:20:00,0.21,77.2,975.13,1.55,229.6,1,0.10901978069248597,Pattern-Based Anomaly,Low
2017-01-13 21:30:00,-0.06,78.2,975.12,1.43,246.5,1,0.10821816180029498,Pattern-Based Anomaly,Low
2017-01-13 21:40:00,-0.07,77.8,975.04,1.65,252.5,1,0.11123817431974786,Pattern-Based Anomaly,Low
2017-01-13 21:50:00,0.07,76.2,975.06,0.85,242.1,1,0.09952607772117805,Pattern-Based Anomaly,Low
2017-01-13 22:00:00,0.07,76.2,975.16,0.78,156.9,1,0.10501609953801433,Pattern-Based Anomaly,Low
2017-01-13 22:10:00,0.07,76.0,975.16,1.01,152.1,1,0.1139058665127281,Pattern-Based Anomaly,Low
2017-01-13 22:20:00,-0.06,76.7,975.05,1.11,179.2,1,0.1031393583296547,Pattern-Based Anomaly,Low
2017-01-13 22:30:00,-0.18,77.3,975.02,0.54,156.2,1,0.09980959112848031,Pattern-Based Anomaly,Low
2017-01-13 22:40:00,-0.31,77.3,975.1,1.0,132.7,1,0.0994634978412397,Pattern-Based Anomaly,Low
2017-01-13 22:50:00,-0.51,77.9,975.07,1.05,172.4,1,0.11063298404035582,Pattern-Based Anomaly,Low
2017-01-13 23:00:00,-0.72,77.4,975.0,1.38,202.7,1,0.09421475556660763,Pattern-Based Anomaly,Low
2017-01-13 23:10:00,-0.89,74.5,974.91,2.66,212.4,1,0.07280619410055034,Pattern-Based Anomaly,Low
2017-01-13 23:20:00,-1.02,72.8,974.85,3.02,207.4,1,0.08906124687784978,Pattern-Based Anomaly,Low
2017-01-13 23:30:00,-1.03,71.6,974.79,3.61,216.8,1,0.08150182149420204,Pattern-Based Anomaly,Low
2017-01-13 23:40:00,-1.07,71.4,974.8,3.33,217.4,1,0.08635870479842878,Pattern-Based Anomaly,Low
2017-01-13 23:50:00,-1.02,71.2,974.78,4.08,204.2,1,0.08756490269923789,Pattern-Based Anomaly,Low
2017-01-14 00:00:00,-0.87,70.7,974.48,4.47,192.4,1,0.04971414481968284,Pattern-Based Anomaly,Low
2017-01-14 00:10:00,-0.69,70.2,974.19,5.13,193.4,1,0.03508959732562844,Pattern-Based Anomaly,Low
2017-01-14 00:20:00,-0.62,70.8,974.08,4.95,201.4,1,0.0593811348286396,Pattern-Based Anomaly,Low
2017-01-14 00:30:00,-0.59,71.2,973.97,3.93,202.6,1,0.06360842225788776,Pattern-Based Anomaly,Low
2017-01-14 00:40:00,-0.49,71.1,973.87,4.37,204.3,1,0.06183151123832653,Pattern-Based Anomaly,Low
2017-01-14 00:50:00,-0.4,71.0,973.82,5.18,208.5,1,0.06131308519645573,Pattern-Based Anomaly,Low
2017-01-14 01:00:00,-0.33,70.9,973.75,4.79,196.9,1,0.07663561906367855,Pattern-Based Anomaly,Low
2017-01-14 01:10:00,-0.28,71.4,973.56,5.33,204.1,1,0.04986520595566868,Pattern-Based Anomaly,Low
2017-01-14 01:20:00,-0.26,72.5,973.41,6.71,210.1,1,0.05101004945571508,Pattern-Based Anomaly,Low
2017-01-14 01:30:00,-0.35,74.9,973.24,6.54,205.0,1,0.027039647546720502,Pattern-Based Anomaly,Low
2017-01-14 01:40:00,-0.55,78.0,973.07,7.06,205.1,1,0.01124746075006755,Pattern-Based Anomaly,Low
2017-01-14 01:50:00,-0.74,80.8,973.05,6.79,206.4,1,0.012058273588378743,Pattern-Based Anomaly,Low
2017-01-14 02:00:00,-1.11,85.6,972.95,6.69,206.5,-1,-0.019219193397213896,Pattern-Based Anomaly,Low
2017-01-14 02:10:00,-1.2,87.3,972.81,6.52,209.2,1,0.005234624784081099,Pattern-Based Anomaly,Low
2017-01-14 02:20:00,-1.04,85.7,972.6,7.15,206.9,-1,-0.006108735226184825,Pattern-Based Anomaly,Low
2017-01-14 02:30:00,-0.74,81.8,972.45,6.67,206.8,-1,-0.00978157558277104,Pattern-Based Anomaly,Low
2017-01-14 02:40:00,-0.44,78.6,972.3,6.55,206.0,-1,-0.006285837113280124,Pattern-Based Anomaly,Low
2017-01-14 02:50:00,-0.33,78.0,972.23,6.81,206.8,1,0.033991693515264654,Pattern-Based Anomaly,Low
2017-01-14 03:00:00,-0.84,84.9,972.12,7.63,209.0,-1,-0.022262138597423542,Pattern-Based Anomaly,Low
2017-01-14 03:10:00,-1.0,89.2,971.99,6.95,207.1,-1,-0.007652807625093128,Pattern-Based Anomaly,Low
2017-01-14 03:20:00,-0.77,88.8,972.01,6.17,211.4,1,0.036860197662970995,Pattern-Based Anomaly,Low
2017-01-14 03:30:00,-0.51,86.0,971.97,6.21,214.0,-1,-0.000643470934050594,Pattern-Based Anomaly,Low
2017-01-14 03:40:00,-0.36,84.3,971.84,6.52,213.6,1,0.02348824632374502,Pattern-Based Anomaly,Low
2017-01-14 03:50:00,-0.19,83.4,971.68,7.13,211.2,1,0.05329670743869508,Pattern-Based Anomaly,Low
2017-01-14 04:00:00,-0.03,83.6,971.75,4.09,222.7,1,0.08108266498060362,Pattern-Based Anomaly,Low
2017-01-14 04:10:00,0.16,83.6,971.78,3.03,225.8,1,0.1019426162933893,Pattern-Based Anomaly,Low
2017-01-14 04:20:00,0.35,83.6,971.77,3.15,240.6,1,0.1074400258369348,Pattern-Based Anomaly,Low
2017-01-14 04:30:00,0.47,84.3,971.93,3.58,241.5,1,0.086369140725636,Pattern-Based Anomaly,Low
2017-01-14 04:40:00,0.51,85.2,972.02,2.26,237.5,1,0.11184164217870868,Pattern-Based Anomaly,Low
2017-01-14 04:50:00,0.73,85.9,972.06,2.69,241.7,1,0.10995545217807273,Pattern-Based Anomaly,Low
2017-01-14 05:00:00,0.99,85.4,971.99,3.16,234.9,1,0.10799894171067714,Pattern-Based Anomaly,Low
2017-01-14 05:10:00,1.12,85.5,971.86,3.55,239.3,1,0.10273813819803607,Pattern-Based Anomaly,Low
2017-01-14 05:20:00,1.28,85.3,971.91,3.38,244.3,1,0.1039998685546153,Pattern-Based Anomaly,Low
2017-01-14 05:30:00,1.4,85.6,971.92,3.01,242.1,1,0.11502970234781623,Pattern-Based Anomaly,Low
2017-01-14 05:40:00,1.56,85.3,971.93,3.54,243.0,1,0.09609237513384367,Pattern-Based Anomaly,Low
2017-01-14 05:50:00,1.74,84.5,972.0,4.08,253.2,1,0.09879650113301347,Pattern-Based Anomaly,Low
2017-01-14 06:00:00,1.89,83.7,972.1,3.45,257.2,1,0.10273937181178078,Pattern-Based Anomaly,Low
2017-01-14 06:10:00,1.92,84.0,972.18,3.37,261.2,1,0.1155526559187462,Pattern-Based Anomaly,Low
2017-01-14 06:20:00,1.89,84.6,972.38,3.94,266.4,1,0.10163153348168252,Pattern-Based Anomaly,Low
2017-01-14 06:30:00,1.8,85.3,972.57,3.81,267.7,1,0.09109664569116005,Pattern-Based Anomaly,Low
2017-01-14 06:40:00,1.68,86.5,972.68,3.73,256.1,1,0.08980413079235905,Pattern-Based Anomaly,Low
2017-01-14 06:50:00,1.6,87.4,972.75,3.8,258.8,1,0.1004435027603135,Pattern-Based Anomaly,Low
2017-01-14 07:00:00,1.67,87.1,972.84,3.68,260.9,1,0.11065992289291465,Pattern-Based Anomaly,Low
2017-01-14 07:10:00,1.79,86.0,972.98,3.11,255.7,1,0.10795708459829878,Pattern-Based Anomaly,Low
2017-01-14 07:20:00,1.92,84.8,973.16,4.12,266.3,1,0.09212307279480725,Pattern-Based Anomaly,Low
2017-01-14 07:30:00,1.83,85.4,973.31,4.23,260.3,1,0.09198025813605315,Pattern-Based Anomaly,Low
2017-01-14 07:40:00,1.68,86.5,973.49,3.81,266.6,1,0.08097672555049473,Pattern-Based Anomaly,Low
2017-01-14 07:50:00,1.64,86.8,973.7,3.98,259.8,1,0.08710709116709087,Pattern-Based Anomaly,Low
2017-01-14 08:00:00,1.63,86.5,973.92,4.42,261.1,1,0.09134960240027501,Pattern-Based Anomaly,Low
2017-01-14 08:10:00,1.68,85.6,974.05,4.33,266.2,1,0.08948647515601693,Pattern-Based Anomaly,Low
2017-01-14 08:20:00,1.61,85.8,974.38,4.04,262.7,1,0.07271967357494546,Pattern-Based Anomaly,Low
2017-01-14 08:30:00,1.72,84.6,974.7,4.18,271.0,1,0.04802830152995108,Pattern-Based Anomaly,Low
2017-01-14 08:40:00,1.8,83.0,975.04,4.23,268.5,1,0.04063137980277276,Pattern-Based Anomaly,Low
2017-01-14 08:50:00,1.8,82.9,975.45,3.18,263.2,1,0.05454298551157133,Pattern-Based Anomaly,Low
2017-01-14 09:00:00,1.71,84.2,975.82,2.86,273.4,1,0.040245567999461884,Pattern-Based Anomaly,Low
2017-01-14 09:10:00,1.59,85.7,976.18,2.77,279.8,1,0.033754212444780496,Pattern-Based Anomaly,Low
2017-01-14 09:20:00,1.46,86.8,976.51,2.76,279.2,1,0.03375318872838473,Pattern-Based Anomaly,Low
2017-01-14 09:30:00,1.24,88.7,976.82,1.95,281.0,1,0.029698633399446894,Pattern-Based Anomaly,Low
2017-01-14 09:40:00,1.25,88.9,977.06,2.52,277.6,1,0.05700484224014324,Pattern-Based Anomaly,Low
2017-01-14 09:50:00,1.38,87.8,977.28,2.36,273.5,1,0.05758974204315359,Pattern-Based Anomaly,Low
2017-01-14 10:00:00,1.57,86.1,977.63,2.45,287.8,1,0.04011636849439848,Pattern-Based Anomaly,Low
2017-01-14 10:10:00,1.57,86.4,977.83,1.87,265.8,1,0.0921288585192453,Pattern-Based Anomaly,Low
2017-01-14 10:20:00,1.46,87.2,978.07,2.13,273.9,1,0.07924424385636958,Pattern-Based Anomaly,Low
2017-01-14 10:30:00,1.4,87.4,978.32,1.9,287.1,1,0.07183660853316715,Pattern-Based Anomaly,Low
2017-01-14 10:40:00,1.4,87.9,978.56,1.39,270.0,1,0.08968162941399649,Pattern-Based Anomaly,Low
2017-01-14 10:50:00,1.09,89.5,978.8,1.9,284.3,1,0.06044112490175502,Pattern-Based Anomaly,Low
2017-01-14 11:00:00,0.79,91.4,979.02,1.7,287.7,1,0.05456998170555938,Pattern-Based Anomaly,Low
2017-01-14 11:10:00,0.9,91.5,979.31,2.28,284.7,1,0.061663291823267796,Pattern-Based Anomaly,Low
2017-01-14 11:20:00,1.0,90.4,979.52,2.29,292.0,1,0.06114174064383038,Pattern-Based Anomaly,Low
2017-01-14 11:30:00,1.06,89.1,979.72,2.29,286.1,1,0.07666255027428692,Pattern-Based Anomaly,Low
2017-01-14 11:40:00,0.95,89.6,979.85,2.41,268.0,1,0.09627026977501235,Pattern-Based Anomaly,Low
2017-01-14 11:50:00,0.91,90.5,979.96,2.16,264.9,1,0.11919246141670392,Pattern-Based Anomaly,Low
2017-01-14 12:00:00,0.82,90.8,980.11,1.99,277.6,1,0.11555869371817551,Pattern-Based Anomaly,Low
2017-01-14 12:10:00,0.79,91.0,980.25,2.44,268.6,1,0.13155427999507235,Pattern-Based Anomaly,Low
2017-01-14 12:20:00,0.73,90.9,980.39,2.2,269.9,1,0.1341654496799755,Pattern-Based Anomaly,Low
2017-01-14 12:30:00,0.94,90.6,980.41,2.19,266.3,1,0.1407054569946875,Pattern-Based Anomaly,Low
2017-01-14 12:40:00,1.43,87.3,980.41,2.13,271.0,1,0.09405776978150138,Pattern-Based Anomaly,Low
2017-01-14 12:50:00,1.48,85.7,980.48,2.12,260.9,1,0.12788995731334807,Pattern-Based Anomaly,Low
2017-01-14 13:00:00,1.5,85.2,980.55,2.64,264.8,1,0.13148391854647035,Pattern-Based Anomaly,Low
2017-01-14 13:10:00,1.48,83.9,980.72,2.73,268.7,1,0.10879596078924159,Pattern-Based Anomaly,Low
2017-01-14 13:20:00,1.83,82.1,980.86,2.15,275.3,1,0.09728179432282985,Pattern-Based Anomaly,Low
2017-01-14 13:30:00,1.86,79.8,980.98,2.81,285.3,1,0.10040636050129664,Pattern-Based Anomaly,Low
2017-01-14 13:40:00,1.9,78.9,981.15,1.79,271.6,1,0.11064466693387776,Pattern-Based Anomaly,Low
2017-01-14 13:50:00,2.4,76.1,981.25,2.03,271.2,1,0.05328544374953481,Pattern-Based Anomaly,Low
2017-01-14 14:00:00,2.35,74.1,981.37,2.89,275.4,1,0.08479210453628677,Pattern-Based Anomaly,Low
2017-01-14 14:10:00,2.15,75.2,981.49,1.92,257.6,1,0.10985013846931452,Pattern-Based Anomaly,Low
2017-01-14 14:20:00,2.14,75.5,981.68,2.51,258.3,1,0.11979877908130648,Pattern-Based Anomaly,Low
2017-01-14 14:30:00,1.91,76.6,981.84,1.84,242.8,1,0.11210203526464929,Pattern-Based Anomaly,Low
2017-01-14 14:40:00,1.73,75.8,982.02,2.78,266.9,1,0.10441017102945993,Pattern-Based Anomaly,Low
2017-01-14 14:50:00,1.56,75.7,982.12,2.46,263.8,1,0.1169085208167071,Pattern-Based Anomaly,Low
2017-01-14 15:00:00,1.33,75.9,982.19,2.29,254.8,1,0.11816196924833183,Pattern-Based Anomaly,Low
2017-01-14 15:10:00,1.2,76.2,982.25,2.25,256.8,1,0.12995855258461014,Pattern-Based Anomaly,Low
2017-01-14 15:20:00,1.19,76.5,982.41,2.34,248.4,1,0.12099074318293224,Pattern-Based Anomaly,Low
2017-01-14 15:30:00,1.2,76.3,982.47,2.48,260.7,1,0.14588451272282676,Pattern-Based Anomaly,Low
2017-01-14 15:40:00,1.18,75.2,982.52,2.23,256.5,1,0.1430201826733002,Pattern-Based Anomaly,Low
2017-01-14 15:50:00,1.32,74.3,982.57,2.09,266.2,1,0.13784329471187862,Pattern-Based Anomaly,Low
2017-01-14 16:00:00,1.22,74.2,982.6,2.52,262.4,1,0.14492324200132822,Pattern-Based Anomaly,Low
2017-01-14 16:10:00,1.01,74.2,982.69,2.61,261.6,1,0.14277145901231486,Pattern-Based Anomaly,Low
2017-01-14 16:20:00,0.96,74.4,982.65,2.7,260.8,1,0.15224957965882113,Pattern-Based Anomaly,Low
2017-01-14 16:30:00,1.04,73.6,982.62,2.51,260.2,1,0.14493420172242877,Pattern-Based Anomaly,Low
2017-01-14 16:40:00,1.12,72.2,982.63,2.61,271.3,1,0.14018980484838067,Pattern-Based Anomaly,Low
2017-01-14 16:50:00,1.11,71.8,982.61,2.54,260.8,1,0.1463299907558842,Pattern-Based Anomaly,Low
2017-01-14 17:00:00,1.03,72.2,982.65,1.84,266.2,1,0.1438359902857509,Pattern-Based Anomaly,Low
2017-01-14 17:10:00,0.97,72.6,982.73,2.71,256.3,1,0.14502862117474002,Pattern-Based Anomaly,Low
2017-01-14 17:20:00,0.99,73.1,982.75,2.18,256.5,1,0.14914694971299902,Pattern-Based Anomaly,Low
2017-01-14 17:30:00,1.0,73.3,982.83,2.46,250.2,1,0.15118435021064963,Pattern-Based Anomaly,Low
2017-01-14 17:40:00,0.98,73.2,982.9,2.03,251.7,1,0.1477801916407463,Pattern-Based Anomaly,Low
2017-01-14 17:50:00,0.96,73.2,982.87,1.9,243.1,1,0.15482295791994527,Pattern-Based Anomaly,Low
2017-01-14 18:00:00,1.0,73.3,982.88,2.06,253.3,1,0.14487213552319778,Pattern-Based Anomaly,Low
2017-01-14 18:10:00,0.97,73.5,982.98,1.83,248.4,1,0.14567332842452035,Pattern-Based Anomaly,Low
2017-01-14 18:20:00,0.84,74.1,983.02,1.56,246.7,1,0.1428615179745088,Pattern-Based Anomaly,Low
2017-01-14 18:30:00,0.71,74.6,983.09,1.69,218.0,1,0.150896863101251,Pattern-Based Anomaly,Low
2017-01-14 18:40:00,0.57,75.0,983.11,1.72,222.7,1,0.15299677513301213,Pattern-Based Anomaly,Low
2017-01-14 18:50:00,0.44,75.3,983.16,1.63,219.1,1,0.15044488628712305,Pattern-Based Anomaly,Low
2017-01-14 19:00:00,0.33,75.5,983.23,2.05,215.0,1,0.14212490565229724,Pattern-Based Anomaly,Low
2017-01-14 19:10:00,0.28,75.2,983.24,1.66,211.3,1,0.14892883500789472,Pattern-Based Anomaly,Low
2017-01-14 19:20:00,0.13,75.4,983.23,1.98,217.0,1,0.13864045893920324,Pattern-Based Anomaly,Low
2017-01-14 19:30:00,0.18,74.4,983.12,2.8,212.6,1,0.12921292658980715,Pattern-Based Anomaly,Low
2017-01-14 19:40:00,0.27,73.5,983.17,2.49,227.3,1,0.1396130372556677,Pattern-Based Anomaly,Low
2017-01-14 19:50:00,0.36,73.0,983.14,2.56,218.7,1,0.14438351440669095,Pattern-Based Anomaly,Low
2017-01-14 20:00:00,0.48,72.2,983.03,3.29,206.9,1,0.133535694517813,Pattern-Based Anomaly,Low
2017-01-14 20:10:00,0.51,71.8,983.02,3.93,198.4,1,0.1442712252190092,Pattern-Based Anomaly,Low
2017-01-14 20:20:00,0.37,72.1,983.05,4.1,204.4,1,0.1289402009200889,Pattern-Based Anomaly,Low
2017-01-14 20:30:00,0.39,72.2,983.11,4.37,211.9,1,0.12785017468904064,Pattern-Based Anomaly,Low
2017-01-14 20:40:00,0.47,72.6,983.19,3.59,217.9,1,0.13311713883967735,Pattern-Based Anomaly,Low
2017-01-14 20:50:00,0.59,72.7,983.31,4.35,212.7,1,0.12198202486013243,Pattern-Based Anomaly,Low
2017-01-14 21:00:00,0.15,79.8,983.46,2.55,226.0,1,0.04612657691576505,Pattern-Based Anomaly,Low
2017-01-14 21:10:00,-0.43,86.7,983.51,1.78,229.8,1,0.011659982788283063,Pattern-Based Anomaly,Low
2017-01-14 21:20:00,-0.43,87.1,983.49,2.25,228.7,1,0.06284051537963797,Pattern-Based Anomaly,Low
